application_id,customer_id,application_timestamp,application_channel,requested_credit_limit,application_status,product_code,source_system
APP000001,CUS000345,2026-06-19T12:27:05,PARTNER,2000,DECLINED,OB_CC_CASHBACK,OPENBANK_PLATFORM
APP000002,CUS000121,2026-06-12T08:48:46,MOBILE,20000,APPROVED,OB_CC_CASHBACK,OPENBANK_PLATFORM
APP000003,CUS000004,2026-03-05T01:32:19,MOBILE,20000,APPROVED,OB_CC_CLASSIC,OPENBANK_PLATFORM
APP000004,CUS000270,2026-01-03T17:24:54,WEB,10000,MANUAL_REVIEW,OB_CC_CLASSIC,OPENBANK_PLATFORM
APP000005,CUS000236,2025-11-09T00:18:23,PARTNER,2000,APPROVED,OB_CC_TRAVEL,OPENBANK_PLATFORM
APP000006,CUS000215,2026-05-25T13:33:19,MOBILE,5000,APPROVED,OB_CC_CASHBACK,OPENBANK_PLATFORM
APP000007,CUS000075,2026-06-14T05:26:41,WEB,7500,DECLINED,OB_CC_TRAVEL,OPENBANK_PLATFORM
APP000008,CUS000440,2026-03-18T01:44:13,WEB,7500,DECLINED,OB_CC_TRAVEL,OPENBANK_PLATFORM
APP000009,CUS000185,2025-12-02T20:24:06,MOBILE,10000,DECLINED,OB_CC_CLASSIC,OPENBANK_PLATFORM
APP000010,CUS000182,2025-11-14T18:35:04,PARTNER,7500,MANUAL_REVIEW,OB_CC_CASHBACK,OPENBANK_PLATFORM
APP000011,CUS000414,2025-11-20T15:21:28,PARTNER,15000,DECLINED,OB_CC_TRAVEL,OPENBANK_PLATFORM
APP000012,CUS000455,2026-01-14T13:13:20,PARTNER,15000,APPROVED,OB_CC_CASHBACK,OPENBANK_PLATFORM
APP000013,CUS000086,2025-12-21T03:45:01,WEB,2000,APPROVED,OB_CC_CLASSIC,OPENBANK_PLATFORM
APP000014,CUS000118,2025-10-05T10:20:47,PARTNER,7500,APPROVED,OB_CC_TRAVEL,OPENBANK_PLATFORM
APP000015,CUS000497,2026-05-24T19:38:05,PARTNER,3000,APPROVED,OB_CC_TRAVEL,OPENBANK_PLATFORM
APP000016,CUS000188,2025-12-29T09:27:33,MOBILE,3000,APPROVED,OB_CC_CLASSIC,OPENBANK_PLATFORM
APP000017,CUS000005,2026-01-07T10:39:53,WEB,10000,DECLINED,OB_CC_CLASSIC,OPENBANK_PLATFORM
APP000018,CUS000113,2025-10-13T02:53:02,PARTNER,7500,DECLINED,OB_CC_TRAVEL,OPENBANK_PLATFORM
APP000019,CUS000097,2025-07-06T06:38:28,MOBILE,3000,APPROVED,OB_CC_CLASSIC,OPENBANK_PLATFORM
APP000020,CUS000225,2026-06-08T00:17:55,WEB,3000,DECLINED,OB_CC_TRAVEL,OPENBANK_PLATFORM
APP000021,CUS000406,2025-06-17T12:01:26,WEB,2000,APPROVED,OB_CC_CASHBACK,OPENBANK_PLATFORM
APP000022,CUS000378,2025-06-18T07:15:06,PARTNER,7500,DECLINED,OB_CC_TRAVEL,OPENBANK_PLATFORM
APP000023,CUS000323,2026-06-08T01:32:09,PARTNER,15000,APPROVED,OB_CC_CASHBACK,OPENBANK_PLATFORM
APP000024,CUS000142,2026-03-27T04:21:22,WEB,7500,DECLINED,OB_CC_TRAVEL,OPENBANK_PLATFORM
APP000025,CUS000081,2026-02-11T03:19:40,PARTNER,15000,DECLINED,OB_CC_CASHBACK,OPENBANK_PLATFORM
APP000026,CUS000120,2025-11-10T20:19:44,PARTNER,20000,DECLINED,OB_CC_TRAVEL,OPENBANK_PLATFORM
APP000027,CUS000461,2025-06-21T17:40:09,MOBILE,15000,APPROVED,OB_CC_CLASSIC,OPENBANK_PLATFORM
APP000028,CUS000420,2025-10-13T19:43:09,MOBILE,5000,APPROVED,OB_CC_TRAVEL,OPENBANK_PLATFORM
APP000029,CUS000269,2026-05-16T18:06:54,PARTNER,20000,APPROVED,OB_CC_CASHBACK,OPENBANK_PLATFORM
APP000030,CUS000017,2026-03-20T23:21:55,MOBILE,20000,APPROVED,OB_CC_CLASSIC,OPENBANK_PLATFORM
APP000031,CUS000411,2026-04-24T02:12:36,PARTNER,5000,APPROVED,OB_CC_CLASSIC,OPENBANK_PLATFORM
APP000032,CUS000372,2025-09-27T19:21:25,WEB,7500,APPROVED,OB_CC_CLASSIC,OPENBANK_PLATFORM
APP000033,CUS000235,2026-05-26T15:32:57,WEB,2000,MANUAL_REVIEW,OB_CC_TRAVEL,OPENBANK_PLATFORM
APP000034,CUS000167,2025-12-08T15:00:46,PARTNER,20000,APPROVED,OB_CC_CLASSIC,OPENBANK_PLATFORM
APP000035,CUS000372,2025-06-18T10:21:27,WEB,10000,DECLINED,OB_CC_CLASSIC,OPENBANK_PLATFORM
APP000036,CUS000262,2026-03-12T20:46:38,WEB,10000,MANUAL_REVIEW,OB_CC_CASHBACK,OPENBANK_PLATFORM
APP000037,CUS000132,2025-11-01T03:20:46,MOBILE,10000,MANUAL_REVIEW,OB_CC_CLASSIC,OPENBANK_PLATFORM
APP000038,CUS000420,2025-07-19T21:40:18,MOBILE,15000,MANUAL_REVIEW,OB_CC_TRAVEL,OPENBANK_PLATFORM
APP000039,CUS000451,2026-01-09T15:09:54,WEB,20000,APPROVED,OB_CC_TRAVEL,OPENBANK_PLATFORM
APP000040,CUS000258,2026-05-24T08:02:20,WEB,3000,APPROVED,OB_CC_CASHBACK,OPENBANK_PLATFORM
APP000041,CUS000173,2025-07-13T17:19:31,PARTNER,10000,APPROVED,OB_CC_CLASSIC,OPENBANK_PLATFORM
APP000042,CUS000316,2026-06-12T19:05:14,WEB,3000,APPROVED,OB_CC_CLASSIC,OPENBANK_PLATFORM
APP000043,CUS000305,2026-05-02T00:52:52,MOBILE,20000,MANUAL_REVIEW,OB_CC_CASHBACK,OPENBANK_PLATFORM
APP000044,CUS000351,2025-12-09T05:40:46,PARTNER,20000,MANUAL_REVIEW,OB_CC_TRAVEL,OPENBANK_PLATFORM
APP000045,CUS000176,2026-05-22T04:03:05,MOBILE,5000,APPROVED,OB_CC_CLASSIC,OPENBANK_PLATFORM
APP000046,CUS000464,2026-05-06T19:10:48,MOBILE,2000,APPROVED,OB_CC_CLASSIC,OPENBANK_PLATFORM
APP000047,CUS000056,2025-06-10T10:38:57,PARTNER,20000,DECLINED,OB_CC_CASHBACK,OPENBANK_PLATFORM
APP000048,CUS000257,2026-01-21T20:24:50,WEB,15000,DECLINED,OB_CC_CASHBACK,OPENBANK_PLATFORM
APP000049,CUS000181,2025-11-29T22:45:50,WEB,5000,MANUAL_REVIEW,OB_CC_CASHBACK,OPENBANK_PLATFORM
APP000050,CUS000486,2025-10-22T08:12:47,MOBILE,3000,MANUAL_REVIEW,OB_CC_CLASSIC,OPENBANK_PLATFORM
APP000051,CUS000352,2025-09-25T15:11:40,PARTNER,3000,DECLINED,OB_CC_CLASSIC,OPENBANK_PLATFORM
APP000052,CUS000159,2026-05-19T19:04:16,MOBILE,3000,MANUAL_REVIEW,OB_CC_TRAVEL,OPENBANK_PLATFORM
APP000053,CUS000286,2026-02-28T04:18:37,MOBILE,3000,APPROVED,OB_CC_CLASSIC,OPENBANK_PLATFORM
APP000054,CUS000068,2025-09-03T00:57:13,PARTNER,20000,APPROVED,OB_CC_CASHBACK,OPENBANK_PLATFORM
APP000055,CUS000434,2026-04-06T17:04:01,PARTNER,15000,DECLINED,OB_CC_CASHBACK,OPENBANK_PLATFORM
APP000056,CUS000114,2026-06-16T07:23:05,WEB,20000,DECLINED,OB_CC_TRAVEL,OPENBANK_PLATFORM
APP000057,CUS000219,2025-12-25T01:31:22,PARTNER,10000,DECLINED,OB_CC_CLASSIC,OPENBANK_PLATFORM
APP000058,CUS000056,2026-01-18T16:38:06,WEB,20000,APPROVED,OB_CC_TRAVEL,OPENBANK_PLATFORM
APP000059,CUS000453,2025-11-03T10:24:35,WEB,7500,APPROVED,OB_CC_CLASSIC,OPENBANK_PLATFORM
APP000060,CUS000212,2025-11-13T16:24:58,WEB,2000,APPROVED,OB_CC_TRAVEL,OPENBANK_PLATFORM
APP000061,CUS000059,2026-05-28T16:21:43,MOBILE,15000,APPROVED,OB_CC_CASHBACK,OPENBANK_PLATFORM
APP000062,CUS000445,2025-08-14T06:30:44,PARTNER,20000,APPROVED,OB_CC_CASHBACK,OPENBANK_PLATFORM
APP000063,CUS000235,2026-02-10T18:09:18,WEB,10000,DECLINED,OB_CC_CASHBACK,OPENBANK_PLATFORM
APP000064,CUS000143,2026-04-14T22:53:16,WEB,10000,MANUAL_REVIEW,OB_CC_CLASSIC,OPENBANK_PLATFORM
APP000065,CUS000430,2026-04-05T10:51:57,WEB,5000,DECLINED,OB_CC_CLASSIC,OPENBANK_PLATFORM
APP000066,CUS000384,2026-03-24T13:06:50,WEB,2000,DECLINED,OB_CC_CLASSIC,OPENBANK_PLATFORM
APP000067,CUS000242,2025-08-08T04:26:33,MOBILE,15000,MANUAL_REVIEW,OB_CC_CLASSIC,OPENBANK_PLATFORM
APP000068,CUS000248,2026-06-06T22:01:09,PARTNER,20000,MANUAL_REVIEW,OB_CC_TRAVEL,OPENBANK_PLATFORM
APP000069,CUS000315,2026-03-16T18:04:23,PARTNER,10000,APPROVED,OB_CC_CASHBACK,OPENBANK_PLATFORM
APP000070,CUS000316,2025-12-30T15:04:29,MOBILE,2000,DECLINED,OB_CC_TRAVEL,OPENBANK_PLATFORM
APP000071,CUS000154,2026-02-15T20:01:28,WEB,5000,APPROVED,OB_CC_TRAVEL,OPENBANK_PLATFORM
APP000072,CUS000080,2026-04-18T16:46:14,PARTNER,20000,APPROVED,OB_CC_CLASSIC,OPENBANK_PLATFORM
APP000073,CUS000296,2026-05-17T12:04:39,MOBILE,20000,APPROVED,OB_CC_CLASSIC,OPENBANK_PLATFORM
APP000074,CUS000440,2025-11-09T01:09:05,MOBILE,5000,APPROVED,OB_CC_CLASSIC,OPENBANK_PLATFORM
APP000075,CUS000104,2025-07-18T16:09:26,WEB,10000,APPROVED,OB_CC_TRAVEL,OPENBANK_PLATFORM
APP000076,CUS000371,2025-06-19T16:43:30,PARTNER,7500,DECLINED,OB_CC_CASHBACK,OPENBANK_PLATFORM
APP000077,CUS000456,2025-06-24T03:45:13,PARTNER,10000,APPROVED,OB_CC_CLASSIC,OPENBANK_PLATFORM
APP000078,CUS000141,2025-07-29T00:33:19,PARTNER,10000,APPROVED,OB_CC_CLASSIC,OPENBANK_PLATFORM
APP000079,CUS000457,2025-11-21T19:40:54,WEB,7500,APPROVED,OB_CC_CLASSIC,OPENBANK_PLATFORM
APP000080,CUS000171,2025-09-10T19:25:24,MOBILE,2000,APPROVED,OB_CC_TRAVEL,OPENBANK_PLATFORM
APP000081,CUS000486,2025-09-23T05:13:57,PARTNER,20000,APPROVED,OB_CC_TRAVEL,OPENBANK_PLATFORM
APP000082,CUS000434,2025-08-27T10:16:36,MOBILE,20000,DECLINED,OB_CC_TRAVEL,OPENBANK_PLATFORM
APP000083,CUS000273,2026-01-23T14:35:35,MOBILE,10000,DECLINED,OB_CC_TRAVEL,OPENBANK_PLATFORM
APP000084,CUS000404,2025-11-23T19:49:32,WEB,15000,DECLINED,OB_CC_CASHBACK,OPENBANK_PLATFORM
APP000085,CUS000285,2025-07-20T16:12:35,MOBILE,3000,APPROVED,OB_CC_CLASSIC,OPENBANK_PLATFORM
APP000086,CUS000076,2026-05-05T05:25:58,PARTNER,7500,MANUAL_REVIEW,OB_CC_TRAVEL,OPENBANK_PLATFORM
APP000087,CUS000407,2026-05-14T11:05:17,PARTNER,7500,APPROVED,OB_CC_TRAVEL,OPENBANK_PLATFORM
APP000088,CUS000287,2025-12-01T03:59:38,MOBILE,20000,APPROVED,OB_CC_TRAVEL,OPENBANK_PLATFORM
APP000089,CUS000072,2025-09-05T20:13:20,MOBILE,7500,APPROVED,OB_CC_CLASSIC,OPENBANK_PLATFORM
APP000090,CUS000071,2026-04-25T15:08:27,MOBILE,20000,APPROVED,OB_CC_TRAVEL,OPENBANK_PLATFORM
APP000091,CUS000310,2025-06-04T21:02:31,PARTNER,7500,APPROVED,OB_CC_CLASSIC,OPENBANK_PLATFORM
APP000092,CUS000374,2026-06-10T19:09:57,MOBILE,20000,APPROVED,OB_CC_CLASSIC,OPENBANK_PLATFORM
APP000093,CUS000028,2025-11-23T19:28:47,WEB,20000,DECLINED,OB_CC_TRAVEL,OPENBANK_PLATFORM
APP000094,CUS000356,2026-04-02T11:04:15,PARTNER,15000,APPROVED,OB_CC_TRAVEL,OPENBANK_PLATFORM
APP000095,CUS000040,2025-10-21T09:10:36,PARTNER,3000,APPROVED,OB_CC_TRAVEL,OPENBANK_PLATFORM
APP000096,CUS000093,2026-02-26T01:12:17,WEB,5000,DECLINED,OB_CC_TRAVEL,OPENBANK_PLATFORM
APP000097,CUS000339,2026-01-12T23:12:48,WEB,3000,DECLINED,OB_CC_TRAVEL,OPENBANK_PLATFORM
APP000098,CUS000383,2026-06-21T19:23:18,MOBILE,3000,APPROVED,OB_CC_TRAVEL,OPENBANK_PLATFORM
APP000099,CUS000470,2026-02-28T23:12:28,MOBILE,5000,DECLINED,OB_CC_TRAVEL,OPENBANK_PLATFORM
APP000100,CUS000302,2025-09-08T18:55:51,PARTNER,5000,DECLINED,OB_CC_CASHBACK,OPENBANK_PLATFORM
APP000101,CUS000269,2025-07-24T16:14:10,WEB,5000,MANUAL_REVIEW,OB_CC_CASHBACK,OPENBANK_PLATFORM
APP000102,CUS000327,2025-08-02T04:22:05,PARTNER,2000,MANUAL_REVIEW,OB_CC_CASHBACK,OPENBANK_PLATFORM
APP000103,CUS000095,2025-10-08T10:43:29,PARTNER,7500,APPROVED,OB_CC_TRAVEL,OPENBANK_PLATFORM
APP000104,CUS000199,2025-11-18T02:11:12,MOBILE,5000,APPROVED,OB_CC_CLASSIC,OPENBANK_PLATFORM
APP000105,CUS000315,2026-04-26T03:52:06,PARTNER,7500,APPROVED,OB_CC_CLASSIC,OPENBANK_PLATFORM
APP000106,CUS000359,2025-11-16T14:14:52,WEB,10000,DECLINED,OB_CC_CASHBACK,OPENBANK_PLATFORM
APP000107,CUS000197,2026-05-19T17:33:05,PARTNER,2000,DECLINED,OB_CC_TRAVEL,OPENBANK_PLATFORM
APP000108,CUS000431,2026-01-22T10:33:25,WEB,15000,APPROVED,OB_CC_CASHBACK,OPENBANK_PLATFORM
APP000109,CUS000098,2025-08-11T01:17:59,WEB,3000,APPROVED,OB_CC_TRAVEL,OPENBANK_PLATFORM
APP000110,CUS000061,2025-09-17T23:48:21,PARTNER,15000,APPROVED,OB_CC_CASHBACK,OPENBANK_PLATFORM
APP000111,CUS000465,2026-04-13T01:40:03,PARTNER,3000,DECLINED,OB_CC_CLASSIC,OPENBANK_PLATFORM
APP000112,CUS000059,2026-02-10T21:39:44,PARTNER,20000,MANUAL_REVIEW,OB_CC_CLASSIC,OPENBANK_PLATFORM
APP000113,CUS000167,2025-08-01T20:58:13,WEB,10000,DECLINED,OB_CC_TRAVEL,OPENBANK_PLATFORM
APP000114,CUS000190,2026-03-11T06:00:27,WEB,7500,DECLINED,OB_CC_CASHBACK,OPENBANK_PLATFORM
APP000115,CUS000042,2025-06-04T00:15:46,WEB,3000,APPROVED,OB_CC_CASHBACK,OPENBANK_PLATFORM
APP000116,CUS000313,2026-05-21T01:22:11,WEB,10000,APPROVED,OB_CC_TRAVEL,OPENBANK_PLATFORM
APP000117,CUS000186,2026-06-25T19:39:02,WEB,10000,DECLINED,OB_CC_TRAVEL,OPENBANK_PLATFORM
APP000118,CUS000082,2026-05-10T01:34:11,PARTNER,2000,MANUAL_REVIEW,OB_CC_TRAVEL,OPENBANK_PLATFORM
APP000119,CUS000054,2026-06-15T01:54:35,WEB,10000,APPROVED,OB_CC_TRAVEL,OPENBANK_PLATFORM
APP000120,CUS000057,2025-11-14T08:17:35,WEB,2000,APPROVED,OB_CC_TRAVEL,OPENBANK_PLATFORM
APP000121,CUS000199,2025-12-09T04:57:58,PARTNER,7500,APPROVED,OB_CC_CASHBACK,OPENBANK_PLATFORM
APP000122,CUS000454,2025-10-30T21:58:39,PARTNER,3000,DECLINED,OB_CC_TRAVEL,OPENBANK_PLATFORM
APP000123,CUS000303,2026-01-29T16:50:55,WEB,5000,DECLINED,OB_CC_CASHBACK,OPENBANK_PLATFORM
APP000124,CUS000023,2025-06-21T17:08:09,PARTNER,15000,DECLINED,OB_CC_TRAVEL,OPENBANK_PLATFORM
APP000125,CUS000043,2026-03-13T00:27:08,PARTNER,15000,DECLINED,OB_CC_CASHBACK,OPENBANK_PLATFORM
APP000126,CUS000383,2026-03-26T00:53:19,MOBILE,7500,APPROVED,OB_CC_TRAVEL,OPENBANK_PLATFORM
APP000127,CUS000017,2025-10-30T15:30:23,MOBILE,20000,APPROVED,OB_CC_CASHBACK,OPENBANK_PLATFORM
APP000128,CUS000188,2026-01-25T22:32:31,MOBILE,2000,DECLINED,OB_CC_CASHBACK,OPENBANK_PLATFORM
APP000129,CUS000277,2025-07-29T23:37:50,PARTNER,7500,APPROVED,OB_CC_TRAVEL,OPENBANK_PLATFORM
APP000130,CUS000177,2026-01-18T17:42:10,PARTNER,10000,MANUAL_REVIEW,OB_CC_TRAVEL,OPENBANK_PLATFORM
APP000131,CUS000189,2026-05-11T02:23:21,MOBILE,3000,APPROVED,OB_CC_CASHBACK,OPENBANK_PLATFORM
APP000132,CUS000214,2026-05-16T19:42:46,MOBILE,3000,APPROVED,OB_CC_CASHBACK,OPENBANK_PLATFORM
APP000133,CUS000331,2025-11-15T17:42:00,PARTNER,10000,APPROVED,OB_CC_TRAVEL,OPENBANK_PLATFORM
APP000134,CUS000181,2025-10-24T16:35:59,PARTNER,3000,DECLINED,OB_CC_CLASSIC,OPENBANK_PLATFORM
APP000135,CUS000122,2025-07-30T01:29:53,PARTNER,5000,APPROVED,OB_CC_TRAVEL,OPENBANK_PLATFORM
APP000136,CUS000208,2026-02-11T05:17:35,MOBILE,7500,DECLINED,OB_CC_TRAVEL,OPENBANK_PLATFORM
APP000137,CUS000497,2026-06-22T20:53:19,WEB,15000,APPROVED,OB_CC_CLASSIC,OPENBANK_PLATFORM
APP000138,CUS000183,2025-07-18T11:52:57,PARTNER,2000,APPROVED,OB_CC_CASHBACK,OPENBANK_PLATFORM
APP000139,CUS000202,2025-09-08T17:51:26,PARTNER,5000,DECLINED,OB_CC_TRAVEL,OPENBANK_PLATFORM
APP000140,CUS000177,2025-11-27T11:13:01,PARTNER,7500,DECLINED,OB_CC_TRAVEL,OPENBANK_PLATFORM
APP000141,CUS000374,2025-12-30T05:04:53,PARTNER,20000,MANUAL_REVIEW,OB_CC_CLASSIC,OPENBANK_PLATFORM
APP000142,CUS000046,2025-06-04T14:54:28,MOBILE,15000,APPROVED,OB_CC_CASHBACK,OPENBANK_PLATFORM
APP000143,CUS000300,2025-11-03T17:59:22,PARTNER,10000,APPROVED,OB_CC_CLASSIC,OPENBANK_PLATFORM
APP000144,CUS000062,2025-10-20T17:57:05,PARTNER,2000,DECLINED,OB_CC_TRAVEL,OPENBANK_PLATFORM
APP000145,CUS000263,2026-06-11T20:56:40,MOBILE,2000,APPROVED,OB_CC_TRAVEL,OPENBANK_PLATFORM
APP000146,CUS000100,2026-04-18T06:40:18,WEB,20000,DECLINED,OB_CC_TRAVEL,OPENBANK_PLATFORM
APP000147,CUS000358,2026-05-19T13:11:56,PARTNER,2000,DECLINED,OB_CC_CASHBACK,OPENBANK_PLATFORM
APP000148,CUS000080,2026-02-13T08:03:01,WEB,20000,APPROVED,OB_CC_CLASSIC,OPENBANK_PLATFORM
APP000149,CUS000420,2025-08-07T00:37:57,MOBILE,7500,APPROVED,OB_CC_CLASSIC,OPENBANK_PLATFORM
APP000150,CUS000439,2026-05-22T05:10:59,WEB,15000,DECLINED,OB_CC_CASHBACK,OPENBANK_PLATFORM
APP000151,CUS000397,2026-02-03T15:42:04,WEB,2000,APPROVED,OB_CC_CLASSIC,OPENBANK_PLATFORM
APP000152,CUS000462,2025-09-11T06:43:39,MOBILE,15000,APPROVED,OB_CC_TRAVEL,OPENBANK_PLATFORM
APP000153,CUS000420,2026-03-24T00:30:32,WEB,10000,MANUAL_REVIEW,OB_CC_CLASSIC,OPENBANK_PLATFORM
APP000154,CUS000188,2026-05-24T21:27:31,MOBILE,3000,APPROVED,OB_CC_CLASSIC,OPENBANK_PLATFORM
APP000155,CUS000239,2025-07-27T18:55:21,MOBILE,3000,APPROVED,OB_CC_CLASSIC,OPENBANK_PLATFORM
APP000156,CUS000438,2026-01-06T06:52:24,WEB,20000,APPROVED,OB_CC_CLASSIC,OPENBANK_PLATFORM
APP000157,CUS000074,2025-12-20T14:35:10,PARTNER,15000,APPROVED,OB_CC_TRAVEL,OPENBANK_PLATFORM
APP000158,CUS000366,2026-03-25T21:36:50,PARTNER,5000,MANUAL_REVIEW,OB_CC_CLASSIC,OPENBANK_PLATFORM
APP000159,CUS000076,2026-01-19T03:56:00,MOBILE,2000,APPROVED,OB_CC_CASHBACK,OPENBANK_PLATFORM
APP000160,CUS000319,2026-04-16T03:30:26,WEB,20000,DECLINED,OB_CC_TRAVEL,OPENBANK_PLATFORM
APP000161,CUS000134,2026-03-05T12:30:38,PARTNER,20000,DECLINED,OB_CC_TRAVEL,OPENBANK_PLATFORM
APP000162,CUS000019,2025-06-17T06:26:22,PARTNER,10000,APPROVED,OB_CC_CLASSIC,OPENBANK_PLATFORM
APP000163,CUS000284,2026-05-17T19:38:19,MOBILE,10000,DECLINED,OB_CC_TRAVEL,OPENBANK_PLATFORM
APP000164,CUS000032,2025-06-15T21:29:53,WEB,2000,MANUAL_REVIEW,OB_CC_TRAVEL,OPENBANK_PLATFORM
APP000165,CUS000050,2026-01-06T12:33:58,MOBILE,5000,APPROVED,OB_CC_TRAVEL,OPENBANK_PLATFORM
APP000166,CUS000236,2026-05-03T15:22:54,PARTNER,10000,MANUAL_REVIEW,OB_CC_TRAVEL,OPENBANK_PLATFORM
APP000167,CUS000200,2025-11-13T20:50:43,MOBILE,2000,DECLINED,OB_CC_TRAVEL,OPENBANK_PLATFORM
APP000168,CUS000255,2026-04-22T02:44:32,PARTNER,20000,DECLINED,OB_CC_CLASSIC,OPENBANK_PLATFORM
APP000169,CUS000049,2026-03-31T12:15:50,WEB,5000,APPROVED,OB_CC_TRAVEL,OPENBANK_PLATFORM
APP000170,CUS000129,2026-04-16T18:45:50,PARTNER,7500,MANUAL_REVIEW,OB_CC_CLASSIC,OPENBANK_PLATFORM
APP000171,CUS000110,2026-05-05T17:00:49,PARTNER,5000,APPROVED,OB_CC_TRAVEL,OPENBANK_PLATFORM
APP000172,CUS000223,2025-12-28T11:36:06,WEB,20000,APPROVED,OB_CC_CLASSIC,OPENBANK_PLATFORM
APP000173,CUS000015,2025-10-04T11:18:23,MOBILE,7500,APPROVED,OB_CC_TRAVEL,OPENBANK_PLATFORM
APP000174,CUS000249,2025-06-11T02:00:51,WEB,20000,MANUAL_REVIEW,OB_CC_CLASSIC,OPENBANK_PLATFORM
APP000175,CUS000454,2025-07-17T14:27:01,PARTNER,20000,DECLINED,OB_CC_CLASSIC,OPENBANK_PLATFORM
APP000176,CUS000453,2025-07-17T08:40:05,WEB,10000,DECLINED,OB_CC_CLASSIC,OPENBANK_PLATFORM
APP000177,CUS000112,2025-08-13T03:53:20,WEB,3000,MANUAL_REVIEW,OB_CC_TRAVEL,OPENBANK_PLATFORM
APP000178,CUS000217,2026-01-30T08:58:09,WEB,5000,MANUAL_REVIEW,OB_CC_CLASSIC,OPENBANK_PLATFORM
APP000179,CUS000431,2026-06-14T01:59:26,PARTNER,15000,APPROVED,OB_CC_CASHBACK,OPENBANK_PLATFORM
APP000180,CUS000155,2025-07-17T08:34:22,WEB,5000,APPROVED,OB_CC_CLASSIC,OPENBANK_PLATFORM
APP000181,CUS000378,2025-12-29T12:06:50,MOBILE,15000,APPROVED,OB_CC_CLASSIC,OPENBANK_PLATFORM
APP000182,CUS000329,2025-09-03T22:56:35,PARTNER,7500,APPROVED,OB_CC_CASHBACK,OPENBANK_PLATFORM
APP000183,CUS000305,2026-05-18T14:56:20,MOBILE,20000,DECLINED,OB_CC_CASHBACK,OPENBANK_PLATFORM
APP000184,CUS000094,2025-12-19T13:44:16,PARTNER,20000,DECLINED,OB_CC_CASHBACK,OPENBANK_PLATFORM
APP000185,CUS000135,2026-05-26T06:08:39,MOBILE,2000,APPROVED,OB_CC_CLASSIC,OPENBANK_PLATFORM
APP000186,CUS000105,2025-09-06T09:41:31,PARTNER,5000,MANUAL_REVIEW,OB_CC_TRAVEL,OPENBANK_PLATFORM
APP000187,CUS000097,2026-01-01T06:34:01,WEB,7500,DECLINED,OB_CC_CASHBACK,OPENBANK_PLATFORM
APP000188,CUS000069,2025-11-13T14:28:28,WEB,15000,APPROVED,OB_CC_CASHBACK,OPENBANK_PLATFORM
APP000189,CUS000481,2026-05-10T21:46:51,PARTNER,15000,APPROVED,OB_CC_CLASSIC,OPENBANK_PLATFORM
APP000190,CUS000450,2026-01-26T04:48:10,MOBILE,2000,MANUAL_REVIEW,OB_CC_TRAVEL,OPENBANK_PLATFORM
APP000191,CUS000383,2025-12-02T15:39:32,MOBILE,5000,MANUAL_REVIEW,OB_CC_CASHBACK,OPENBANK_PLATFORM
APP000192,CUS000437,2026-05-03T23:10:47,MOBILE,20000,APPROVED,OB_CC_CLASSIC,OPENBANK_PLATFORM
APP000193,CUS000227,2025-11-30T20:25:12,MOBILE,7500,DECLINED,OB_CC_CASHBACK,OPENBANK_PLATFORM
APP000194,CUS000457,2026-05-06T21:19:25,PARTNER,3000,APPROVED,OB_CC_CASHBACK,OPENBANK_PLATFORM
APP000195,CUS000349,2026-05-15T04:26:29,MOBILE,7500,DECLINED,OB_CC_TRAVEL,OPENBANK_PLATFORM
APP000196,CUS000337,2025-06-03T11:59:38,PARTNER,2000,MANUAL_REVIEW,OB_CC_CLASSIC,OPENBANK_PLATFORM
APP000197,CUS000109,2025-06-25T23:26:03,MOBILE,5000,APPROVED,OB_CC_TRAVEL,OPENBANK_PLATFORM
APP000198,CUS000332,2026-06-21T23:48:49,WEB,3000,MANUAL_REVIEW,OB_CC_CLASSIC,OPENBANK_PLATFORM
APP000199,CUS000184,2026-05-07T03:29:57,MOBILE,20000,DECLINED,OB_CC_TRAVEL,OPENBANK_PLATFORM
APP000200,CUS000323,2026-01-05T03:23:02,PARTNER,2000,APPROVED,OB_CC_TRAVEL,OPENBANK_PLATFORM
APP000201,CUS000224,2025-07-11T17:23:21,WEB,5000,APPROVED,OB_CC_CASHBACK,OPENBANK_PLATFORM
APP000202,CUS000339,2026-06-04T20:41:51,MOBILE,20000,APPROVED,OB_CC_TRAVEL,OPENBANK_PLATFORM
APP000203,CUS000153,2025-11-08T21:22:46,MOBILE,15000,APPROVED,OB_CC_CASHBACK,OPENBANK_PLATFORM
APP000204,CUS000203,2025-07-30T00:29:03,PARTNER,3000,DECLINED,OB_CC_TRAVEL,OPENBANK_PLATFORM
APP000205,CUS000417,2026-04-12T13:08:01,PARTNER,15000,APPROVED,OB_CC_CLASSIC,OPENBANK_PLATFORM
APP000206,CUS000124,2026-01-10T22:47:38,PARTNER,20000,APPROVED,OB_CC_CASHBACK,OPENBANK_PLATFORM
APP000207,CUS000011,2026-01-17T21:18:26,WEB,3000,APPROVED,OB_CC_TRAVEL,OPENBANK_PLATFORM
APP000208,CUS000250,2025-12-22T17:41:54,PARTNER,10000,APPROVED,OB_CC_CASHBACK,OPENBANK_PLATFORM
APP000209,CUS000458,2026-04-28T15:11:15,WEB,7500,DECLINED,OB_CC_TRAVEL,OPENBANK_PLATFORM
APP000210,CUS000260,2025-09-21T21:23:45,MOBILE,15000,MANUAL_REVIEW,OB_CC_CLASSIC,OPENBANK_PLATFORM
APP000211,CUS000492,2025-12-31T23:45:24,MOBILE,15000,APPROVED,OB_CC_CASHBACK,OPENBANK_PLATFORM
APP000212,CUS000213,2026-02-08T11:03:20,WEB,3000,APPROVED,OB_CC_CASHBACK,OPENBANK_PLATFORM
APP000213,CUS000117,2025-08-01T20:27:40,MOBILE,3000,APPROVED,OB_CC_CLASSIC,OPENBANK_PLATFORM
APP000214,CUS000410,2026-01-21T04:02:19,PARTNER,2000,APPROVED,OB_CC_CASHBACK,OPENBANK_PLATFORM
APP000215,CUS000150,2026-05-29T16:04:30,PARTNER,20000,DECLINED,OB_CC_TRAVEL,OPENBANK_PLATFORM
APP000216,CUS000428,2026-01-29T12:25:37,PARTNER,5000,DECLINED,OB_CC_CASHBACK,OPENBANK_PLATFORM
APP000217,CUS000216,2025-09-25T05:01:27,MOBILE,20000,APPROVED,OB_CC_CASHBACK,OPENBANK_PLATFORM
APP000218,CUS000162,2025-12-23T05:58:58,WEB,7500,APPROVED,OB_CC_CLASSIC,OPENBANK_PLATFORM
APP000219,CUS000381,2025-11-08T12:31:49,MOBILE,2000,DECLINED,OB_CC_CLASSIC,OPENBANK_PLATFORM
APP000220,CUS000177,2026-04-29T14:43:39,WEB,20000,DECLINED,OB_CC_CASHBACK,OPENBANK_PLATFORM
APP000221,CUS000048,2026-02-17T20:05:23,PARTNER,5000,DECLINED,OB_CC_TRAVEL,OPENBANK_PLATFORM
APP000222,CUS000057,2026-06-10T02:10:57,MOBILE,20000,MANUAL_REVIEW,OB_CC_TRAVEL,OPENBANK_PLATFORM
APP000223,CUS000294,2026-06-13T00:11:23,MOBILE,7500,APPROVED,OB_CC_CLASSIC,OPENBANK_PLATFORM
APP000224,CUS000194,2026-02-22T09:00:57,MOBILE,2000,APPROVED,OB_CC_TRAVEL,OPENBANK_PLATFORM
APP000225,CUS000110,2026-01-15T02:50:33,PARTNER,5000,APPROVED,OB_CC_TRAVEL,OPENBANK_PLATFORM
APP000226,CUS000259,2025-08-05T17:38:59,MOBILE,15000,APPROVED,OB_CC_TRAVEL,OPENBANK_PLATFORM
APP000227,CUS000309,2025-12-27T04:01:01,MOBILE,2000,APPROVED,OB_CC_CASHBACK,OPENBANK_PLATFORM
APP000228,CUS000111,2025-09-02T17:47:47,WEB,2000,APPROVED,OB_CC_TRAVEL,OPENBANK_PLATFORM
APP000229,CUS000071,2026-02-14T23:10:22,MOBILE,7500,APPROVED,OB_CC_TRAVEL,OPENBANK_PLATFORM
APP000230,CUS000143,2026-04-27T03:13:23,WEB,20000,APPROVED,OB_CC_CASHBACK,OPENBANK_PLATFORM
APP000231,CUS000268,2025-09-05T17:19:28,WEB,10000,DECLINED,OB_CC_CLASSIC,OPENBANK_PLATFORM
APP000232,CUS000414,2026-03-01T22:05:41,MOBILE,5000,APPROVED,OB_CC_CASHBACK,OPENBANK_PLATFORM
APP000233,CUS000278,2025-08-26T10:23:21,WEB,3000,APPROVED,OB_CC_CASHBACK,OPENBANK_PLATFORM
APP000234,CUS000458,2025-11-13T09:23:27,WEB,7500,APPROVED,OB_CC_CLASSIC,OPENBANK_PLATFORM
APP000235,CUS000209,2025-07-04T17:37:41,MOBILE,2000,DECLINED,OB_CC_CLASSIC,OPENBANK_PLATFORM
APP000236,CUS000291,2025-12-26T16:14:15,PARTNER,2000,APPROVED,OB_CC_CASHBACK,OPENBANK_PLATFORM
APP000237,CUS000238,2026-04-14T10:31:52,WEB,15000,APPROVED,OB_CC_CLASSIC,OPENBANK_PLATFORM
APP000238,CUS000274,2026-03-16T02:32:46,WEB,5000,APPROVED,OB_CC_TRAVEL,OPENBANK_PLATFORM
APP000239,CUS000485,2025-11-23T23:07:32,PARTNER,5000,APPROVED,OB_CC_CLASSIC,OPENBANK_PLATFORM
APP000240,CUS000345,2025-08-28T15:02:34,PARTNER,10000,DECLINED,OB_CC_CASHBACK,OPENBANK_PLATFORM
APP000241,CUS000228,2026-05-11T04:29:36,MOBILE,5000,APPROVED,OB_CC_CASHBACK,OPENBANK_PLATFORM
APP000242,CUS000472,2026-05-30T13:01:40,WEB,3000,MANUAL_REVIEW,OB_CC_TRAVEL,OPENBANK_PLATFORM
APP000243,CUS000144,2026-02-08T22:03:53,WEB,3000,APPROVED,OB_CC_CLASSIC,OPENBANK_PLATFORM
APP000244,CUS000302,2025-08-05T02:22:06,MOBILE,3000,APPROVED,OB_CC_CLASSIC,OPENBANK_PLATFORM
APP000245,CUS000287,2026-01-19T00:04:16,PARTNER,7500,APPROVED,OB_CC_CLASSIC,OPENBANK_PLATFORM
APP000246,CUS000115,2025-06-25T10:07:09,PARTNER,7500,APPROVED,OB_CC_CASHBACK,OPENBANK_PLATFORM
APP000247,CUS000085,2025-11-16T11:18:57,PARTNER,2000,DECLINED,OB_CC_CASHBACK,OPENBANK_PLATFORM
APP000248,CUS000123,2025-11-22T01:58:54,MOBILE,20000,DECLINED,OB_CC_CASHBACK,OPENBANK_PLATFORM
APP000249,CUS000064,2025-07-14T02:12:34,MOBILE,2000,APPROVED,OB_CC_CLASSIC,OPENBANK_PLATFORM
APP000250,CUS000436,2025-12-13T14:37:29,PARTNER,2000,APPROVED,OB_CC_TRAVEL,OPENBANK_PLATFORM
APP000251,CUS000481,2026-05-12T00:56:44,PARTNER,7500,APPROVED,OB_CC_CLASSIC,OPENBANK_PLATFORM
APP000252,CUS000372,2026-04-14T16:11:17,WEB,3000,APPROVED,OB_CC_CLASSIC,OPENBANK_PLATFORM
APP000253,CUS000241,2025-11-06T21:57:59,MOBILE,5000,DECLINED,OB_CC_CASHBACK,OPENBANK_PLATFORM
APP000254,CUS000101,2025-09-11T23:19:18,WEB,3000,DECLINED,OB_CC_TRAVEL,OPENBANK_PLATFORM
APP000255,CUS000154,2026-01-01T11:57:52,WEB,3000,DECLINED,OB_CC_CLASSIC,OPENBANK_PLATFORM
APP000256,CUS000247,2026-06-12T12:04:12,PARTNER,20000,APPROVED,OB_CC_TRAVEL,OPENBANK_PLATFORM
APP000257,CUS000324,2026-03-27T13:06:14,WEB,2000,APPROVED,OB_CC_CASHBACK,OPENBANK_PLATFORM
APP000258,CUS000347,2025-08-10T13:47:46,WEB,15000,APPROVED,OB_CC_CASHBACK,OPENBANK_PLATFORM
APP000259,CUS000074,2025-08-06T06:54:16,PARTNER,3000,DECLINED,OB_CC_CASHBACK,OPENBANK_PLATFORM
APP000260,CUS000168,2025-10-05T01:56:20,MOBILE,15000,APPROVED,OB_CC_CASHBACK,OPENBANK_PLATFORM
APP000261,CUS000452,2026-04-27T18:32:16,MOBILE,5000,APPROVED,OB_CC_CLASSIC,OPENBANK_PLATFORM
APP000262,CUS000459,2025-09-12T16:27:35,WEB,20000,MANUAL_REVIEW,OB_CC_TRAVEL,OPENBANK_PLATFORM
APP000263,CUS000282,2025-07-14T04:53:26,WEB,20000,APPROVED,OB_CC_TRAVEL,OPENBANK_PLATFORM
APP000264,CUS000092,2026-01-13T08:30:43,PARTNER,5000,APPROVED,OB_CC_CASHBACK,OPENBANK_PLATFORM
APP000265,CUS000280,2025-09-11T12:09:06,PARTNER,3000,MANUAL_REVIEW,OB_CC_CLASSIC,OPENBANK_PLATFORM
APP000266,CUS000468,2025-10-12T00:18:38,MOBILE,20000,DECLINED,OB_CC_CLASSIC,OPENBANK_PLATFORM
APP000267,CUS000335,2026-02-18T05:26:06,MOBILE,20000,APPROVED,OB_CC_TRAVEL,OPENBANK_PLATFORM
APP000268,CUS000483,2026-05-24T15:12:27,MOBILE,3000,APPROVED,OB_CC_CLASSIC,OPENBANK_PLATFORM
APP000269,CUS000215,2026-01-04T14:41:10,PARTNER,20000,MANUAL_REVIEW,OB_CC_TRAVEL,OPENBANK_PLATFORM
APP000270,CUS000323,2026-04-05T22:07:50,MOBILE,10000,APPROVED,OB_CC_CASHBACK,OPENBANK_PLATFORM
APP000271,CUS000088,2025-07-24T20:07:50,WEB,3000,APPROVED,OB_CC_TRAVEL,OPENBANK_PLATFORM
APP000272,CUS000006,2025-08-27T11:53:50,MOBILE,20000,DECLINED,OB_CC_TRAVEL,OPENBANK_PLATFORM
APP000273,CUS000446,2025-09-14T11:16:40,PARTNER,7500,APPROVED,OB_CC_CASHBACK,OPENBANK_PLATFORM
APP000274,CUS000414,2025-10-05T19:08:45,PARTNER,5000,APPROVED,OB_CC_TRAVEL,OPENBANK_PLATFORM
APP000275,CUS000422,2025-08-29T15:06:41,WEB,3000,APPROVED,OB_CC_CASHBACK,OPENBANK_PLATFORM
APP000276,CUS000470,2025-07-05T07:54:36,MOBILE,7500,APPROVED,OB_CC_TRAVEL,OPENBANK_PLATFORM
APP000277,CUS000014,2025-07-08T23:15:37,PARTNER,15000,APPROVED,OB_CC_CASHBACK,OPENBANK_PLATFORM
APP000278,CUS000043,2026-03-08T23:55:17,PARTNER,3000,APPROVED,OB_CC_CASHBACK,OPENBANK_PLATFORM
APP000279,CUS000040,2026-05-10T00:24:29,MOBILE,15000,APPROVED,OB_CC_CLASSIC,OPENBANK_PLATFORM
APP000280,CUS000354,2025-11-05T16:09:54,PARTNER,2000,APPROVED,OB_CC_CASHBACK,OPENBANK_PLATFORM
APP000281,CUS000421,2025-09-07T02:18:00,WEB,3000,APPROVED,OB_CC_CLASSIC,OPENBANK_PLATFORM
APP000282,CUS000062,2025-09-27T07:47:00,MOBILE,2000,APPROVED,OB_CC_CASHBACK,OPENBANK_PLATFORM
APP000283,CUS000035,2025-09-20T14:58:03,PARTNER,5000,DECLINED,OB_CC_CASHBACK,OPENBANK_PLATFORM
APP000284,CUS000357,2025-12-16T04:50:23,WEB,5000,APPROVED,OB_CC_TRAVEL,OPENBANK_PLATFORM
APP000285,CUS000301,2026-05-27T00:29:02,WEB,3000,DECLINED,OB_CC_TRAVEL,OPENBANK_PLATFORM
APP000286,CUS000104,2025-08-17T13:40:50,PARTNER,3000,DECLINED,OB_CC_TRAVEL,OPENBANK_PLATFORM
APP000287,CUS000163,2026-04-26T01:26:31,MOBILE,10000,APPROVED,OB_CC_CLASSIC,OPENBANK_PLATFORM
APP000288,CUS000165,2025-09-02T16:06:21,WEB,15000,MANUAL_REVIEW,OB_CC_CASHBACK,OPENBANK_PLATFORM
APP000289,CUS000047,2025-08-28T21:34:37,WEB,10000,APPROVED,OB_CC_CASHBACK,OPENBANK_PLATFORM
APP000290,CUS000442,2026-02-02T02:54:47,MOBILE,5000,APPROVED,OB_CC_CASHBACK,OPENBANK_PLATFORM
APP000291,CUS000465,2025-11-01T21:40:11,WEB,10000,APPROVED,OB_CC_TRAVEL,OPENBANK_PLATFORM
APP000292,CUS000007,2026-02-12T13:37:34,MOBILE,7500,DECLINED,OB_CC_CLASSIC,OPENBANK_PLATFORM
APP000293,CUS000454,2025-06-20T04:31:55,PARTNER,7500,DECLINED,OB_CC_CLASSIC,OPENBANK_PLATFORM
APP000294,CUS000030,2026-04-30T14:01:46,PARTNER,7500,DECLINED,OB_CC_CASHBACK,OPENBANK_PLATFORM
APP000295,CUS000310,2026-01-20T05:21:55,WEB,5000,MANUAL_REVIEW,OB_CC_TRAVEL,OPENBANK_PLATFORM
APP000296,CUS000499,2025-07-12T18:52:45,MOBILE,3000,DECLINED,OB_CC_TRAVEL,OPENBANK_PLATFORM
APP000297,CUS000386,2026-06-08T03:14:08,PARTNER,2000,DECLINED,OB_CC_CASHBACK,OPENBANK_PLATFORM
APP000298,CUS000001,2025-07-20T02:32:34,PARTNER,20000,APPROVED,OB_CC_CASHBACK,OPENBANK_PLATFORM
APP000299,CUS000291,2025-09-17T06:45:31,WEB,3000,MANUAL_REVIEW,OB_CC_CASHBACK,OPENBANK_PLATFORM
APP000300,CUS000086,2025-07-11T10:40:20,MOBILE,2000,APPROVED,OB_CC_CASHBACK,OPENBANK_PLATFORM
APP000301,CUS000299,2025-06-22T03:31:33,PARTNER,3000,DECLINED,OB_CC_CLASSIC,OPENBANK_PLATFORM
APP000302,CUS000190,2026-05-16T12:29:27,WEB,5000,APPROVED,OB_CC_TRAVEL,OPENBANK_PLATFORM
APP000303,CUS000428,2025-08-11T00:56:05,WEB,10000,APPROVED,OB_CC_TRAVEL,OPENBANK_PLATFORM
APP000304,CUS000325,2025-12-02T01:39:57,PARTNER,20000,APPROVED,OB_CC_CASHBACK,OPENBANK_PLATFORM
APP000305,CUS000198,2025-10-29T22:06:23,PARTNER,3000,DECLINED,OB_CC_TRAVEL,OPENBANK_PLATFORM
APP000306,CUS000459,2026-01-15T04:12:42,PARTNER,7500,DECLINED,OB_CC_CASHBACK,OPENBANK_PLATFORM
APP000307,CUS000083,2025-11-15T13:57:44,MOBILE,20000,APPROVED,OB_CC_CLASSIC,OPENBANK_PLATFORM
APP000308,CUS000393,2026-04-04T02:21:16,MOBILE,15000,DECLINED,OB_CC_CLASSIC,OPENBANK_PLATFORM
APP000309,CUS000115,2025-10-11T04:12:43,WEB,5000,APPROVED,OB_CC_TRAVEL,OPENBANK_PLATFORM
APP000310,CUS000275,2025-09-06T14:07:55,MOBILE,7500,DECLINED,OB_CC_CLASSIC,OPENBANK_PLATFORM
APP000311,CUS000203,2025-06-05T19:35:55,MOBILE,20000,APPROVED,OB_CC_CLASSIC,OPENBANK_PLATFORM
APP000312,CUS000353,2025-08-03T09:57:21,PARTNER,20000,MANUAL_REVIEW,OB_CC_CASHBACK,OPENBANK_PLATFORM
APP000313,CUS000079,2026-06-02T07:40:05,PARTNER,20000,APPROVED,OB_CC_TRAVEL,OPENBANK_PLATFORM
APP000314,CUS000348,2026-01-29T12:40:53,MOBILE,20000,DECLINED,OB_CC_CLASSIC,OPENBANK_PLATFORM
APP000315,CUS000068,2025-11-13T21:07:52,WEB,20000,APPROVED,OB_CC_CASHBACK,OPENBANK_PLATFORM
APP000316,CUS000372,2026-03-22T03:42:42,WEB,15000,APPROVED,OB_CC_TRAVEL,OPENBANK_PLATFORM
APP000317,CUS000223,2025-08-16T22:49:38,MOBILE,15000,DECLINED,OB_CC_CLASSIC,OPENBANK_PLATFORM
APP000318,CUS000443,2026-04-29T13:54:42,PARTNER,5000,APPROVED,OB_CC_CLASSIC,OPENBANK_PLATFORM
APP000319,CUS000356,2026-06-17T03:26:33,PARTNER,20000,APPROVED,OB_CC_CLASSIC,OPENBANK_PLATFORM
APP000320,CUS000266,2026-03-27T19:37:25,PARTNER,15000,APPROVED,OB_CC_CLASSIC,OPENBANK_PLATFORM
APP000321,CUS000021,2025-08-05T20:56:17,PARTNER,3000,APPROVED,OB_CC_CLASSIC,OPENBANK_PLATFORM
APP000322,CUS000485,2026-02-21T10:40:56,PARTNER,15000,MANUAL_REVIEW,OB_CC_TRAVEL,OPENBANK_PLATFORM
APP000323,CUS000276,2026-02-17T07:38:24,WEB,15000,APPROVED,OB_CC_CLASSIC,OPENBANK_PLATFORM
APP000324,CUS000282,2025-10-09T09:29:27,PARTNER,7500,APPROVED,OB_CC_CLASSIC,OPENBANK_PLATFORM
APP000325,CUS000357,2026-04-27T07:00:48,MOBILE,15000,DECLINED,OB_CC_TRAVEL,OPENBANK_PLATFORM
APP000326,CUS000127,2025-07-10T09:50:05,PARTNER,2000,APPROVED,OB_CC_TRAVEL,OPENBANK_PLATFORM
APP000327,CUS000497,2025-09-22T13:47:08,WEB,2000,DECLINED,OB_CC_TRAVEL,OPENBANK_PLATFORM
APP000328,CUS000051,2025-06-25T06:13:00,MOBILE,5000,APPROVED,OB_CC_TRAVEL,OPENBANK_PLATFORM
APP000329,CUS000065,2025-08-13T13:47:30,PARTNER,10000,DECLINED,OB_CC_TRAVEL,OPENBANK_PLATFORM
APP000330,CUS000182,2026-01-26T18:17:08,MOBILE,5000,DECLINED,OB_CC_CLASSIC,OPENBANK_PLATFORM
APP000331,CUS000209,2025-11-08T03:16:54,WEB,15000,MANUAL_REVIEW,OB_CC_CASHBACK,OPENBANK_PLATFORM
APP000332,CUS000347,2026-02-16T04:58:01,MOBILE,7500,APPROVED,OB_CC_CLASSIC,OPENBANK_PLATFORM
APP000333,CUS000379,2026-05-05T19:13:40,PARTNER,15000,APPROVED,OB_CC_TRAVEL,OPENBANK_PLATFORM
APP000334,CUS000195,2025-08-27T13:35:27,MOBILE,2000,DECLINED,OB_CC_TRAVEL,OPENBANK_PLATFORM
APP000335,CUS000136,2025-09-18T00:04:52,PARTNER,15000,APPROVED,OB_CC_TRAVEL,OPENBANK_PLATFORM
APP000336,CUS000153,2025-11-29T03:54:06,MOBILE,2000,DECLINED,OB_CC_CASHBACK,OPENBANK_PLATFORM
APP000337,CUS000064,2026-02-05T00:15:05,PARTNER,3000,APPROVED,OB_CC_TRAVEL,OPENBANK_PLATFORM
APP000338,CUS000184,2026-05-30T07:13:33,WEB,2000,APPROVED,OB_CC_CLASSIC,OPENBANK_PLATFORM
APP000339,CUS000251,2026-03-09T18:02:35,PARTNER,20000,DECLINED,OB_CC_TRAVEL,OPENBANK_PLATFORM
APP000340,CUS000491,2025-07-26T00:46:12,WEB,3000,DECLINED,OB_CC_TRAVEL,OPENBANK_PLATFORM
APP000341,CUS000246,2025-10-27T10:16:31,WEB,7500,MANUAL_REVIEW,OB_CC_CLASSIC,OPENBANK_PLATFORM
APP000342,CUS000342,2026-01-06T07:13:26,PARTNER,7500,APPROVED,OB_CC_CLASSIC,OPENBANK_PLATFORM
APP000343,CUS000020,2025-10-19T06:59:49,MOBILE,3000,MANUAL_REVIEW,OB_CC_CASHBACK,OPENBANK_PLATFORM
APP000344,CUS000219,2026-02-01T02:14:01,MOBILE,10000,APPROVED,OB_CC_TRAVEL,OPENBANK_PLATFORM
APP000345,CUS000339,2026-06-17T11:42:37,MOBILE,3000,DECLINED,OB_CC_CASHBACK,OPENBANK_PLATFORM
APP000346,CUS000283,2025-08-06T12:03:32,PARTNER,5000,APPROVED,OB_CC_TRAVEL,OPENBANK_PLATFORM
APP000347,CUS000323,2026-06-16T21:54:43,WEB,2000,DECLINED,OB_CC_CLASSIC,OPENBANK_PLATFORM
APP000348,CUS000372,2026-01-29T07:21:16,PARTNER,10000,MANUAL_REVIEW,OB_CC_CLASSIC,OPENBANK_PLATFORM
APP000349,CUS000459,2025-12-05T16:19:43,PARTNER,15000,APPROVED,OB_CC_TRAVEL,OPENBANK_PLATFORM
APP000350,CUS000498,2026-05-22T06:55:28,MOBILE,15000,APPROVED,OB_CC_CLASSIC,OPENBANK_PLATFORM
APP000351,CUS000095,2025-06-02T05:49:31,WEB,10000,APPROVED,OB_CC_CASHBACK,OPENBANK_PLATFORM
APP000352,CUS000024,2026-03-01T08:40:23,WEB,5000,MANUAL_REVIEW,OB_CC_CASHBACK,OPENBANK_PLATFORM
APP000353,CUS000128,2025-09-16T19:27:50,WEB,2000,APPROVED,OB_CC_CASHBACK,OPENBANK_PLATFORM
APP000354,CUS000418,2025-06-06T12:56:33,PARTNER,3000,MANUAL_REVIEW,OB_CC_CLASSIC,OPENBANK_PLATFORM
APP000355,CUS000370,2026-06-17T13:54:27,MOBILE,15000,APPROVED,OB_CC_TRAVEL,OPENBANK_PLATFORM
APP000356,CUS000076,2026-02-01T03:24:40,WEB,7500,MANUAL_REVIEW,OB_CC_CASHBACK,OPENBANK_PLATFORM
APP000357,CUS000145,2025-06-11T11:17:33,WEB,3000,APPROVED,OB_CC_TRAVEL,OPENBANK_PLATFORM
APP000358,CUS000052,2025-12-11T13:58:50,WEB,2000,APPROVED,OB_CC_CASHBACK,OPENBANK_PLATFORM
APP000359,CUS000055,2026-03-05T12:19:13,PARTNER,20000,APPROVED,OB_CC_CASHBACK,OPENBANK_PLATFORM
APP000360,CUS000423,2025-06-23T03:44:36,MOBILE,10000,APPROVED,OB_CC_CASHBACK,OPENBANK_PLATFORM
APP000361,CUS000472,2026-05-17T14:00:29,PARTNER,15000,APPROVED,OB_CC_CLASSIC,OPENBANK_PLATFORM
APP000362,CUS000310,2025-08-17T06:28:59,PARTNER,7500,APPROVED,OB_CC_CLASSIC,OPENBANK_PLATFORM
APP000363,CUS000189,2025-10-14T02:46:49,WEB,20000,APPROVED,OB_CC_TRAVEL,OPENBANK_PLATFORM
APP000364,CUS000047,2025-11-13T04:38:36,MOBILE,3000,APPROVED,OB_CC_CLASSIC,OPENBANK_PLATFORM
APP000365,CUS000282,2026-02-10T19:36:54,MOBILE,10000,DECLINED,OB_CC_CLASSIC,OPENBANK_PLATFORM
APP000366,CUS000045,2025-09-29T13:10:09,WEB,2000,APPROVED,OB_CC_CASHBACK,OPENBANK_PLATFORM
APP000367,CUS000437,2026-03-10T15:19:51,WEB,3000,APPROVED,OB_CC_TRAVEL,OPENBANK_PLATFORM
APP000368,CUS000429,2026-04-01T05:45:32,WEB,2000,DECLINED,OB_CC_CASHBACK,OPENBANK_PLATFORM
APP000369,CUS000381,2025-08-11T19:12:13,MOBILE,15000,DECLINED,OB_CC_CLASSIC,OPENBANK_PLATFORM
APP000370,CUS000385,2025-08-28T18:19:27,WEB,3000,DECLINED,OB_CC_TRAVEL,OPENBANK_PLATFORM
APP000371,CUS000217,2025-08-20T09:53:48,PARTNER,2000,DECLINED,OB_CC_CLASSIC,OPENBANK_PLATFORM
APP000372,CUS000240,2026-01-31T11:24:10,PARTNER,15000,APPROVED,OB_CC_TRAVEL,OPENBANK_PLATFORM
APP000373,CUS000123,2025-10-23T05:55:33,WEB,10000,APPROVED,OB_CC_TRAVEL,OPENBANK_PLATFORM
APP000374,CUS000025,2025-11-09T03:23:37,WEB,5000,APPROVED,OB_CC_TRAVEL,OPENBANK_PLATFORM
APP000375,CUS000460,2026-06-15T18:20:05,PARTNER,2000,APPROVED,OB_CC_CASHBACK,OPENBANK_PLATFORM
APP000376,CUS000119,2025-09-19T23:49:09,PARTNER,3000,DECLINED,OB_CC_TRAVEL,OPENBANK_PLATFORM
APP000377,CUS000174,2025-10-27T13:07:07,MOBILE,10000,MANUAL_REVIEW,OB_CC_CLASSIC,OPENBANK_PLATFORM
APP000378,CUS000255,2025-07-20T00:32:38,MOBILE,3000,APPROVED,OB_CC_TRAVEL,OPENBANK_PLATFORM
APP000379,CUS000046,2025-07-07T06:31:26,MOBILE,15000,APPROVED,OB_CC_CLASSIC,OPENBANK_PLATFORM
APP000380,CUS000439,2026-04-14T04:41:46,MOBILE,7500,APPROVED,OB_CC_TRAVEL,OPENBANK_PLATFORM
APP000381,CUS000405,2025-10-04T20:25:05,WEB,2000,APPROVED,OB_CC_CASHBACK,OPENBANK_PLATFORM
APP000382,CUS000044,2025-09-01T03:56:41,MOBILE,7500,APPROVED,OB_CC_CLASSIC,OPENBANK_PLATFORM
APP000383,CUS000075,2026-04-24T07:46:19,PARTNER,5000,APPROVED,OB_CC_CASHBACK,OPENBANK_PLATFORM
APP000384,CUS000091,2025-07-13T05:09:37,MOBILE,2000,APPROVED,OB_CC_CLASSIC,OPENBANK_PLATFORM
APP000385,CUS000494,2026-06-21T10:48:35,WEB,3000,APPROVED,OB_CC_CLASSIC,OPENBANK_PLATFORM
APP000386,CUS000371,2026-05-08T21:03:43,WEB,10000,DECLINED,OB_CC_TRAVEL,OPENBANK_PLATFORM
APP000387,CUS000460,2026-01-21T05:22:11,MOBILE,7500,DECLINED,OB_CC_CASHBACK,OPENBANK_PLATFORM
APP000388,CUS000497,2026-03-24T03:32:52,WEB,2000,DECLINED,OB_CC_CASHBACK,OPENBANK_PLATFORM
APP000389,CUS000488,2025-09-06T21:00:07,MOBILE,2000,DECLINED,OB_CC_TRAVEL,OPENBANK_PLATFORM
APP000390,CUS000181,2025-11-28T19:45:02,PARTNER,7500,APPROVED,OB_CC_CLASSIC,OPENBANK_PLATFORM
APP000391,CUS000338,2026-05-19T15:55:43,MOBILE,15000,APPROVED,OB_CC_CASHBACK,OPENBANK_PLATFORM
APP000392,CUS000228,2026-02-13T21:09:43,WEB,20000,APPROVED,OB_CC_CASHBACK,OPENBANK_PLATFORM
APP000393,CUS000465,2026-04-27T14:24:39,MOBILE,2000,MANUAL_REVIEW,OB_CC_CLASSIC,OPENBANK_PLATFORM
APP000394,CUS000003,2025-12-30T01:11:22,WEB,2000,DECLINED,OB_CC_TRAVEL,OPENBANK_PLATFORM
APP000395,CUS000221,2025-10-02T20:14:01,WEB,7500,APPROVED,OB_CC_CLASSIC,OPENBANK_PLATFORM
APP000396,CUS000051,2026-05-30T04:35:58,WEB,10000,APPROVED,OB_CC_CLASSIC,OPENBANK_PLATFORM
APP000397,CUS000006,2026-04-18T21:36:03,WEB,3000,MANUAL_REVIEW,OB_CC_CLASSIC,OPENBANK_PLATFORM
APP000398,CUS000399,2025-12-01T06:47:32,PARTNER,3000,DECLINED,OB_CC_TRAVEL,OPENBANK_PLATFORM
APP000399,CUS000027,2025-10-19T03:01:14,PARTNER,3000,APPROVED,OB_CC_TRAVEL,OPENBANK_PLATFORM
APP000400,CUS000107,2025-12-18T03:39:55,WEB,7500,APPROVED,OB_CC_TRAVEL,OPENBANK_PLATFORM
APP000401,CUS000338,2026-03-18T22:58:54,WEB,10000,APPROVED,OB_CC_TRAVEL,OPENBANK_PLATFORM
APP000402,CUS000263,2026-06-25T05:32:48,MOBILE,3000,DECLINED,OB_CC_CASHBACK,OPENBANK_PLATFORM
APP000403,CUS000247,2025-09-11T03:20:54,PARTNER,5000,APPROVED,OB_CC_CASHBACK,OPENBANK_PLATFORM
APP000404,CUS000299,2026-03-28T11:20:40,WEB,3000,DECLINED,OB_CC_TRAVEL,OPENBANK_PLATFORM
APP000405,CUS000197,2026-01-06T07:16:17,MOBILE,10000,DECLINED,OB_CC_TRAVEL,OPENBANK_PLATFORM
APP000406,CUS000016,2025-07-29T06:33:00,MOBILE,20000,APPROVED,OB_CC_CASHBACK,OPENBANK_PLATFORM
APP000407,CUS000169,2025-09-18T16:56:37,MOBILE,10000,APPROVED,OB_CC_CLASSIC,OPENBANK_PLATFORM
APP000408,CUS000388,2026-01-09T11:34:12,MOBILE,20000,APPROVED,OB_CC_CASHBACK,OPENBANK_PLATFORM
APP000409,CUS000296,2025-06-11T10:22:40,PARTNER,2000,APPROVED,OB_CC_CLASSIC,OPENBANK_PLATFORM
APP000410,CUS000049,2025-12-30T10:57:32,MOBILE,5000,APPROVED,OB_CC_TRAVEL,OPENBANK_PLATFORM
APP000411,CUS000192,2026-04-13T03:44:26,WEB,2000,APPROVED,OB_CC_CASHBACK,OPENBANK_PLATFORM
APP000412,CUS000453,2025-06-23T04:02:03,MOBILE,2000,APPROVED,OB_CC_CASHBACK,OPENBANK_PLATFORM
APP000413,CUS000076,2026-06-21T21:16:03,MOBILE,20000,APPROVED,OB_CC_CLASSIC,OPENBANK_PLATFORM
APP000414,CUS000043,2025-11-28T20:20:05,WEB,20000,MANUAL_REVIEW,OB_CC_CASHBACK,OPENBANK_PLATFORM
APP000415,CUS000007,2026-05-10T07:52:09,MOBILE,7500,DECLINED,OB_CC_TRAVEL,OPENBANK_PLATFORM
APP000416,CUS000079,2026-02-14T03:50:49,WEB,3000,APPROVED,OB_CC_TRAVEL,OPENBANK_PLATFORM
APP000417,CUS000296,2026-04-28T03:42:57,MOBILE,3000,DECLINED,OB_CC_TRAVEL,OPENBANK_PLATFORM
APP000418,CUS000061,2026-03-09T03:03:38,MOBILE,5000,APPROVED,OB_CC_TRAVEL,OPENBANK_PLATFORM
APP000419,CUS000151,2025-09-05T14:39:41,PARTNER,3000,APPROVED,OB_CC_CASHBACK,OPENBANK_PLATFORM
APP000420,CUS000052,2025-10-20T08:14:43,PARTNER,10000,MANUAL_REVIEW,OB_CC_TRAVEL,OPENBANK_PLATFORM
APP000421,CUS000106,2025-08-27T07:24:43,PARTNER,5000,APPROVED,OB_CC_TRAVEL,OPENBANK_PLATFORM
APP000422,CUS000096,2025-11-18T16:34:26,WEB,3000,MANUAL_REVIEW,OB_CC_CASHBACK,OPENBANK_PLATFORM
APP000423,CUS000390,2025-06-05T21:37:37,MOBILE,5000,MANUAL_REVIEW,OB_CC_CASHBACK,OPENBANK_PLATFORM
APP000424,CUS000258,2025-08-25T05:20:12,WEB,20000,APPROVED,OB_CC_CLASSIC,OPENBANK_PLATFORM
APP000425,CUS000424,2025-11-28T10:57:50,MOBILE,15000,APPROVED,OB_CC_CLASSIC,OPENBANK_PLATFORM
APP000426,CUS000073,2025-11-30T18:07:31,WEB,2000,APPROVED,OB_CC_TRAVEL,OPENBANK_PLATFORM
APP000427,CUS000090,2025-10-14T12:42:03,MOBILE,5000,DECLINED,OB_CC_CASHBACK,OPENBANK_PLATFORM
APP000428,CUS000291,2025-11-25T10:30:02,WEB,2000,MANUAL_REVIEW,OB_CC_CLASSIC,OPENBANK_PLATFORM
APP000429,CUS000341,2025-08-23T11:03:19,MOBILE,7500,APPROVED,OB_CC_CASHBACK,OPENBANK_PLATFORM
APP000430,CUS000071,2025-11-27T10:18:48,PARTNER,20000,APPROVED,OB_CC_CLASSIC,OPENBANK_PLATFORM
APP000431,CUS000017,2026-01-29T12:54:42,PARTNER,3000,APPROVED,OB_CC_CLASSIC,OPENBANK_PLATFORM
APP000432,CUS000394,2025-09-11T09:06:10,MOBILE,3000,DECLINED,OB_CC_CLASSIC,OPENBANK_PLATFORM
APP000433,CUS000401,2026-01-10T03:29:48,PARTNER,3000,APPROVED,OB_CC_TRAVEL,OPENBANK_PLATFORM
APP000434,CUS000387,2025-08-11T22:23:56,WEB,5000,MANUAL_REVIEW,OB_CC_CASHBACK,OPENBANK_PLATFORM
APP000435,CUS000065,2025-12-24T00:13:00,PARTNER,7500,APPROVED,OB_CC_TRAVEL,OPENBANK_PLATFORM
APP000436,CUS000380,2026-03-27T18:35:54,PARTNER,15000,APPROVED,OB_CC_CASHBACK,OPENBANK_PLATFORM
APP000437,CUS000480,2025-06-04T17:39:24,PARTNER,10000,APPROVED,OB_CC_CASHBACK,OPENBANK_PLATFORM
APP000438,CUS000208,2026-02-03T06:42:03,WEB,20000,MANUAL_REVIEW,OB_CC_CLASSIC,OPENBANK_PLATFORM
APP000439,CUS000222,2025-08-14T23:09:47,WEB,2000,APPROVED,OB_CC_TRAVEL,OPENBANK_PLATFORM
APP000440,CUS000198,2026-05-24T03:54:28,MOBILE,7500,APPROVED,OB_CC_CLASSIC,OPENBANK_PLATFORM
APP000441,CUS000465,2025-11-29T05:04:18,PARTNER,7500,MANUAL_REVIEW,OB_CC_CLASSIC,OPENBANK_PLATFORM
APP000442,CUS000263,2025-07-03T06:21:11,WEB,15000,DECLINED,OB_CC_TRAVEL,OPENBANK_PLATFORM
APP000443,CUS000035,2026-04-27T17:36:45,MOBILE,7500,DECLINED,OB_CC_CLASSIC,OPENBANK_PLATFORM
APP000444,CUS000317,2025-12-24T02:27:36,WEB,2000,MANUAL_REVIEW,OB_CC_TRAVEL,OPENBANK_PLATFORM
APP000445,CUS000390,2025-09-27T08:36:53,WEB,2000,APPROVED,OB_CC_CLASSIC,OPENBANK_PLATFORM
APP000446,CUS000165,2025-07-26T16:21:58,WEB,7500,APPROVED,OB_CC_TRAVEL,OPENBANK_PLATFORM
APP000447,CUS000299,2025-06-13T22:54:19,WEB,15000,APPROVED,OB_CC_CASHBACK,OPENBANK_PLATFORM
APP000448,CUS000427,2025-09-15T20:45:59,MOBILE,20000,DECLINED,OB_CC_TRAVEL,OPENBANK_PLATFORM
APP000449,CUS000193,2025-07-07T20:43:19,WEB,2000,APPROVED,OB_CC_TRAVEL,OPENBANK_PLATFORM
APP000450,CUS000039,2026-03-01T20:56:53,PARTNER,3000,DECLINED,OB_CC_CASHBACK,OPENBANK_PLATFORM
APP000451,CUS000335,2025-06-16T01:10:30,MOBILE,5000,MANUAL_REVIEW,OB_CC_CLASSIC,OPENBANK_PLATFORM
APP000452,CUS000121,2026-02-08T02:39:16,PARTNER,20000,MANUAL_REVIEW,OB_CC_TRAVEL,OPENBANK_PLATFORM
APP000453,CUS000379,2026-04-10T02:56:03,MOBILE,10000,APPROVED,OB_CC_TRAVEL,OPENBANK_PLATFORM
APP000454,CUS000312,2025-12-12T00:39:31,MOBILE,10000,APPROVED,OB_CC_CASHBACK,OPENBANK_PLATFORM
APP000455,CUS000100,2025-11-23T15:53:36,WEB,2000,APPROVED,OB_CC_CASHBACK,OPENBANK_PLATFORM
APP000456,CUS000145,2025-06-23T11:26:13,PARTNER,5000,APPROVED,OB_CC_CASHBACK,OPENBANK_PLATFORM
APP000457,CUS000362,2026-06-12T12:59:47,WEB,20000,MANUAL_REVIEW,OB_CC_TRAVEL,OPENBANK_PLATFORM
APP000458,CUS000278,2026-02-13T03:48:01,MOBILE,2000,APPROVED,OB_CC_CASHBACK,OPENBANK_PLATFORM
APP000459,CUS000191,2026-06-07T05:10:07,WEB,2000,APPROVED,OB_CC_TRAVEL,OPENBANK_PLATFORM
APP000460,CUS000010,2025-12-13T14:00:18,WEB,7500,DECLINED,OB_CC_CASHBACK,OPENBANK_PLATFORM
APP000461,CUS000466,2026-04-08T12:14:28,MOBILE,20000,APPROVED,OB_CC_CLASSIC,OPENBANK_PLATFORM
APP000462,CUS000481,2026-03-01T16:52:32,PARTNER,7500,APPROVED,OB_CC_CASHBACK,OPENBANK_PLATFORM
APP000463,CUS000128,2026-03-05T10:46:14,PARTNER,5000,DECLINED,OB_CC_CASHBACK,OPENBANK_PLATFORM
APP000464,CUS000339,2025-11-12T09:37:50,WEB,20000,DECLINED,OB_CC_CLASSIC,OPENBANK_PLATFORM
APP000465,CUS000030,2026-03-24T02:53:46,PARTNER,5000,DECLINED,OB_CC_CASHBACK,OPENBANK_PLATFORM
APP000466,CUS000447,2026-04-13T23:53:00,WEB,2000,APPROVED,OB_CC_CASHBACK,OPENBANK_PLATFORM
APP000467,CUS000009,2026-05-14T12:51:52,PARTNER,10000,APPROVED,OB_CC_CLASSIC,OPENBANK_PLATFORM
APP000468,CUS000074,2025-06-13T11:53:20,MOBILE,10000,MANUAL_REVIEW,OB_CC_CLASSIC,OPENBANK_PLATFORM
APP000469,CUS000083,2025-12-06T01:37:27,WEB,5000,APPROVED,OB_CC_CLASSIC,OPENBANK_PLATFORM
APP000470,CUS000372,2025-08-16T13:52:30,PARTNER,20000,APPROVED,OB_CC_CLASSIC,OPENBANK_PLATFORM
APP000471,CUS000450,2026-02-26T01:52:21,MOBILE,10000,APPROVED,OB_CC_TRAVEL,OPENBANK_PLATFORM
APP000472,CUS000124,2026-01-14T14:55:29,WEB,5000,DECLINED,OB_CC_TRAVEL,OPENBANK_PLATFORM
APP000473,CUS000292,2025-08-04T19:34:26,MOBILE,3000,APPROVED,OB_CC_CLASSIC,OPENBANK_PLATFORM
APP000474,CUS000449,2026-01-19T00:33:53,WEB,3000,APPROVED,OB_CC_CASHBACK,OPENBANK_PLATFORM
APP000475,CUS000264,2026-02-27T14:07:50,MOBILE,7500,APPROVED,OB_CC_CLASSIC,OPENBANK_PLATFORM
APP000476,CUS000467,2025-12-27T22:58:04,PARTNER,7500,APPROVED,OB_CC_CLASSIC,OPENBANK_PLATFORM
APP000477,CUS000333,2026-01-19T13:48:45,MOBILE,5000,APPROVED,OB_CC_CLASSIC,OPENBANK_PLATFORM
APP000478,CUS000166,2025-12-14T11:35:56,WEB,20000,DECLINED,OB_CC_TRAVEL,OPENBANK_PLATFORM
APP000479,CUS000451,2026-04-12T11:26:44,MOBILE,2000,MANUAL_REVIEW,OB_CC_CLASSIC,OPENBANK_PLATFORM
APP000480,CUS000474,2025-09-27T10:08:40,WEB,3000,MANUAL_REVIEW,OB_CC_CLASSIC,OPENBANK_PLATFORM
APP000481,CUS000410,2025-09-08T00:14:33,WEB,7500,APPROVED,OB_CC_CASHBACK,OPENBANK_PLATFORM
APP000482,CUS000071,2025-10-21T04:14:24,WEB,5000,APPROVED,OB_CC_TRAVEL,OPENBANK_PLATFORM
APP000483,CUS000353,2025-11-09T01:23:47,WEB,7500,APPROVED,OB_CC_CLASSIC,OPENBANK_PLATFORM
APP000484,CUS000483,2025-09-21T07:07:27,MOBILE,5000,DECLINED,OB_CC_CASHBACK,OPENBANK_PLATFORM
APP000485,CUS000223,2025-07-05T17:51:55,PARTNER,10000,DECLINED,OB_CC_TRAVEL,OPENBANK_PLATFORM
APP000486,CUS000431,2025-09-27T10:38:08,MOBILE,15000,APPROVED,OB_CC_CASHBACK,OPENBANK_PLATFORM
APP000487,CUS000340,2026-01-04T04:13:00,MOBILE,3000,DECLINED,OB_CC_TRAVEL,OPENBANK_PLATFORM
APP000488,CUS000121,2025-06-15T10:35:32,PARTNER,5000,APPROVED,OB_CC_CLASSIC,OPENBANK_PLATFORM
APP000489,CUS000134,2025-06-28T09:46:08,PARTNER,7500,APPROVED,OB_CC_CLASSIC,OPENBANK_PLATFORM
APP000490,CUS000011,2025-12-12T03:17:09,PARTNER,20000,APPROVED,OB_CC_CASHBACK,OPENBANK_PLATFORM
APP000491,CUS000368,2025-09-26T10:33:55,WEB,20000,APPROVED,OB_CC_CLASSIC,OPENBANK_PLATFORM
APP000492,CUS000145,2025-11-02T00:52:57,PARTNER,3000,DECLINED,OB_CC_CLASSIC,OPENBANK_PLATFORM
APP000493,CUS000419,2026-06-15T09:49:49,WEB,20000,APPROVED,OB_CC_CASHBACK,OPENBANK_PLATFORM
APP000494,CUS000311,2025-11-07T11:47:11,PARTNER,7500,MANUAL_REVIEW,OB_CC_CLASSIC,OPENBANK_PLATFORM
APP000495,CUS000193,2025-10-28T15:38:19,WEB,2000,APPROVED,OB_CC_TRAVEL,OPENBANK_PLATFORM
APP000496,CUS000296,2025-06-13T14:28:01,WEB,20000,APPROVED,OB_CC_CLASSIC,OPENBANK_PLATFORM
APP000497,CUS000128,2025-07-13T05:08:44,PARTNER,7500,APPROVED,OB_CC_CLASSIC,OPENBANK_PLATFORM
APP000498,CUS000003,2025-10-16T07:37:03,PARTNER,20000,APPROVED,OB_CC_CLASSIC,OPENBANK_PLATFORM
APP000499,CUS000218,2026-05-25T02:49:18,WEB,7500,APPROVED,OB_CC_TRAVEL,OPENBANK_PLATFORM
APP000500,CUS000384,2026-03-08T15:13:27,WEB,7500,APPROVED,OB_CC_CLASSIC,OPENBANK_PLATFORM
APP000501,CUS000149,2026-02-23T07:26:39,PARTNER,20000,APPROVED,OB_CC_CASHBACK,OPENBANK_PLATFORM
APP000502,CUS000214,2025-08-31T05:28:26,WEB,7500,APPROVED,OB_CC_TRAVEL,OPENBANK_PLATFORM
APP000503,CUS000180,2026-04-22T20:21:29,MOBILE,3000,DECLINED,OB_CC_CLASSIC,OPENBANK_PLATFORM
APP000504,CUS000288,2026-03-05T23:21:35,WEB,15000,APPROVED,OB_CC_CASHBACK,OPENBANK_PLATFORM
APP000505,CUS000295,2026-03-31T22:01:09,PARTNER,5000,APPROVED,OB_CC_CLASSIC,OPENBANK_PLATFORM
APP000506,CUS000040,2025-06-27T04:59:13,MOBILE,10000,DECLINED,OB_CC_TRAVEL,OPENBANK_PLATFORM
APP000507,CUS000362,2026-01-29T12:55:29,PARTNER,5000,APPROVED,OB_CC_CASHBACK,OPENBANK_PLATFORM
APP000508,CUS000062,2026-03-13T15:51:10,MOBILE,15000,APPROVED,OB_CC_TRAVEL,OPENBANK_PLATFORM
APP000509,CUS000192,2025-08-31T00:23:18,MOBILE,3000,APPROVED,OB_CC_CASHBACK,OPENBANK_PLATFORM
APP000510,CUS000023,2026-05-23T09:12:46,PARTNER,5000,APPROVED,OB_CC_CLASSIC,OPENBANK_PLATFORM
APP000511,CUS000190,2025-06-15T22:18:56,WEB,15000,APPROVED,OB_CC_CLASSIC,OPENBANK_PLATFORM
APP000512,CUS000100,2026-05-02T22:21:18,WEB,15000,APPROVED,OB_CC_CLASSIC,OPENBANK_PLATFORM
APP000513,CUS000429,2026-05-08T02:14:18,WEB,2000,APPROVED,OB_CC_CLASSIC,OPENBANK_PLATFORM
APP000514,CUS000141,2026-03-15T12:46:04,MOBILE,2000,APPROVED,OB_CC_CASHBACK,OPENBANK_PLATFORM
APP000515,CUS000087,2025-06-06T07:55:11,MOBILE,15000,DECLINED,OB_CC_CLASSIC,OPENBANK_PLATFORM
APP000516,CUS000028,2025-12-12T10:27:07,MOBILE,3000,MANUAL_REVIEW,OB_CC_CASHBACK,OPENBANK_PLATFORM
APP000517,CUS000133,2026-05-24T16:00:19,WEB,5000,DECLINED,OB_CC_CASHBACK,OPENBANK_PLATFORM
APP000518,CUS000276,2026-03-19T07:40:11,MOBILE,15000,DECLINED,OB_CC_CLASSIC,OPENBANK_PLATFORM
APP000519,CUS000263,2025-09-16T09:24:04,MOBILE,3000,DECLINED,OB_CC_CLASSIC,OPENBANK_PLATFORM
APP000520,CUS000302,2025-06-18T11:44:13,WEB,15000,APPROVED,OB_CC_CLASSIC,OPENBANK_PLATFORM
APP000521,CUS000096,2026-06-21T00:47:30,PARTNER,7500,APPROVED,OB_CC_TRAVEL,OPENBANK_PLATFORM
APP000522,CUS000479,2026-02-15T03:55:36,MOBILE,7500,APPROVED,OB_CC_TRAVEL,OPENBANK_PLATFORM
APP000523,CUS000340,2025-11-18T01:57:31,MOBILE,2000,APPROVED,OB_CC_CASHBACK,OPENBANK_PLATFORM
APP000524,CUS000047,2026-06-06T08:54:37,PARTNER,3000,APPROVED,OB_CC_CLASSIC,OPENBANK_PLATFORM
APP000525,CUS000193,2026-01-24T08:50:16,WEB,20000,DECLINED,OB_CC_TRAVEL,OPENBANK_PLATFORM
APP000526,CUS000037,2025-11-25T17:46:43,PARTNER,15000,APPROVED,OB_CC_TRAVEL,OPENBANK_PLATFORM
APP000527,CUS000331,2025-09-26T05:01:38,WEB,7500,APPROVED,OB_CC_CLASSIC,OPENBANK_PLATFORM
APP000528,CUS000084,2025-12-21T18:50:09,WEB,20000,APPROVED,OB_CC_CASHBACK,OPENBANK_PLATFORM
APP000529,CUS000233,2025-06-06T17:41:59,PARTNER,15000,DECLINED,OB_CC_TRAVEL,OPENBANK_PLATFORM
APP000530,CUS000365,2025-11-19T19:28:46,WEB,5000,DECLINED,OB_CC_CASHBACK,OPENBANK_PLATFORM
APP000531,CUS000486,2026-05-29T21:29:12,WEB,5000,MANUAL_REVIEW,OB_CC_TRAVEL,OPENBANK_PLATFORM
APP000532,CUS000026,2026-04-03T13:26:44,MOBILE,5000,APPROVED,OB_CC_TRAVEL,OPENBANK_PLATFORM
APP000533,CUS000058,2025-11-30T01:19:58,PARTNER,10000,MANUAL_REVIEW,OB_CC_TRAVEL,OPENBANK_PLATFORM
APP000534,CUS000353,2026-04-13T08:53:14,PARTNER,20000,APPROVED,OB_CC_CLASSIC,OPENBANK_PLATFORM
APP000535,CUS000475,2026-04-23T10:59:41,MOBILE,7500,APPROVED,OB_CC_CASHBACK,OPENBANK_PLATFORM
APP000536,CUS000410,2025-06-26T13:37:31,MOBILE,10000,APPROVED,OB_CC_CLASSIC,OPENBANK_PLATFORM
APP000537,CUS000146,2025-10-18T00:11:02,WEB,7500,APPROVED,OB_CC_CASHBACK,OPENBANK_PLATFORM
APP000538,CUS000148,2026-06-08T22:11:04,MOBILE,20000,MANUAL_REVIEW,OB_CC_CASHBACK,OPENBANK_PLATFORM
APP000539,CUS000175,2025-11-11T12:36:38,MOBILE,20000,APPROVED,OB_CC_CLASSIC,OPENBANK_PLATFORM
APP000540,CUS000107,2026-06-18T19:16:54,MOBILE,5000,APPROVED,OB_CC_CASHBACK,OPENBANK_PLATFORM
APP000541,CUS000499,2025-10-24T20:15:33,MOBILE,15000,APPROVED,OB_CC_CASHBACK,OPENBANK_PLATFORM
APP000542,CUS000399,2026-06-12T14:36:15,MOBILE,10000,DECLINED,OB_CC_CLASSIC,OPENBANK_PLATFORM
APP000543,CUS000453,2026-05-18T23:03:04,PARTNER,20000,DECLINED,OB_CC_TRAVEL,OPENBANK_PLATFORM
APP000544,CUS000205,2025-10-26T00:07:17,MOBILE,10000,DECLINED,OB_CC_TRAVEL,OPENBANK_PLATFORM
APP000545,CUS000097,2026-04-22T01:03:26,WEB,10000,APPROVED,OB_CC_CASHBACK,OPENBANK_PLATFORM
APP000546,CUS000012,2026-06-16T21:53:39,PARTNER,20000,DECLINED,OB_CC_CLASSIC,OPENBANK_PLATFORM
APP000547,CUS000242,2026-05-31T07:16:26,WEB,5000,MANUAL_REVIEW,OB_CC_CASHBACK,OPENBANK_PLATFORM
APP000548,CUS000257,2026-04-25T04:02:49,PARTNER,20000,DECLINED,OB_CC_CASHBACK,OPENBANK_PLATFORM
APP000549,CUS000350,2026-05-13T14:47:40,PARTNER,20000,APPROVED,OB_CC_CLASSIC,OPENBANK_PLATFORM
APP000550,CUS000372,2025-07-01T10:39:59,MOBILE,20000,MANUAL_REVIEW,OB_CC_CLASSIC,OPENBANK_PLATFORM
APP000551,CUS000226,2026-01-06T04:31:00,WEB,2000,APPROVED,OB_CC_CASHBACK,OPENBANK_PLATFORM
APP000552,CUS000356,2025-07-08T16:41:02,MOBILE,15000,APPROVED,OB_CC_TRAVEL,OPENBANK_PLATFORM
APP000553,CUS000072,2025-08-15T18:59:50,WEB,5000,DECLINED,OB_CC_TRAVEL,OPENBANK_PLATFORM
APP000554,CUS000151,2025-08-19T04:40:49,PARTNER,3000,APPROVED,OB_CC_TRAVEL,OPENBANK_PLATFORM
APP000555,CUS000317,2025-08-27T12:31:56,WEB,15000,MANUAL_REVIEW,OB_CC_TRAVEL,OPENBANK_PLATFORM
APP000556,CUS000248,2025-12-12T00:31:05,WEB,15000,DECLINED,OB_CC_CASHBACK,OPENBANK_PLATFORM
APP000557,CUS000256,2026-01-22T20:43:53,WEB,15000,APPROVED,OB_CC_TRAVEL,OPENBANK_PLATFORM
APP000558,CUS000493,2026-03-01T19:34:41,WEB,20000,APPROVED,OB_CC_CLASSIC,OPENBANK_PLATFORM
APP000559,CUS000368,2026-01-20T06:27:36,PARTNER,2000,APPROVED,OB_CC_TRAVEL,OPENBANK_PLATFORM
APP000560,CUS000051,2026-03-02T01:51:35,PARTNER,5000,APPROVED,OB_CC_CLASSIC,OPENBANK_PLATFORM
APP000561,CUS000221,2025-07-28T16:06:57,PARTNER,20000,DECLINED,OB_CC_TRAVEL,OPENBANK_PLATFORM
APP000562,CUS000260,2026-02-03T18:43:17,PARTNER,5000,APPROVED,OB_CC_TRAVEL,OPENBANK_PLATFORM
APP000563,CUS000004,2025-11-11T18:33:07,MOBILE,7500,DECLINED,OB_CC_CLASSIC,OPENBANK_PLATFORM
APP000564,CUS000399,2025-07-26T08:26:22,MOBILE,3000,APPROVED,OB_CC_CLASSIC,OPENBANK_PLATFORM
APP000565,CUS000393,2025-12-20T06:15:15,WEB,20000,DECLINED,OB_CC_TRAVEL,OPENBANK_PLATFORM
APP000566,CUS000242,2025-11-03T13:30:00,MOBILE,3000,DECLINED,OB_CC_TRAVEL,OPENBANK_PLATFORM
APP000567,CUS000391,2025-12-24T02:00:49,MOBILE,7500,DECLINED,OB_CC_TRAVEL,OPENBANK_PLATFORM
APP000568,CUS000013,2025-11-12T15:33:53,MOBILE,20000,APPROVED,OB_CC_TRAVEL,OPENBANK_PLATFORM
APP000569,CUS000304,2026-01-27T01:40:29,PARTNER,20000,DECLINED,OB_CC_CASHBACK,OPENBANK_PLATFORM
APP000570,CUS000276,2025-12-07T15:57:05,WEB,5000,DECLINED,OB_CC_CASHBACK,OPENBANK_PLATFORM
APP000571,CUS000154,2026-03-21T07:16:53,WEB,10000,DECLINED,OB_CC_CASHBACK,OPENBANK_PLATFORM
APP000572,CUS000365,2026-06-14T11:25:51,MOBILE,20000,APPROVED,OB_CC_TRAVEL,OPENBANK_PLATFORM
APP000573,CUS000310,2026-06-18T00:50:32,WEB,3000,MANUAL_REVIEW,OB_CC_TRAVEL,OPENBANK_PLATFORM
APP000574,CUS000290,2026-01-10T01:10:05,MOBILE,10000,DECLINED,OB_CC_CLASSIC,OPENBANK_PLATFORM
APP000575,CUS000400,2025-07-28T19:21:39,PARTNER,3000,DECLINED,OB_CC_TRAVEL,OPENBANK_PLATFORM
APP000576,CUS000232,2026-06-14T05:32:29,MOBILE,15000,DECLINED,OB_CC_TRAVEL,OPENBANK_PLATFORM
APP000577,CUS000295,2025-10-29T00:13:52,MOBILE,10000,APPROVED,OB_CC_TRAVEL,OPENBANK_PLATFORM
APP000578,CUS000445,2026-03-23T05:33:22,WEB,3000,DECLINED,OB_CC_CASHBACK,OPENBANK_PLATFORM
APP000579,CUS000168,2025-11-09T08:22:40,WEB,15000,APPROVED,OB_CC_TRAVEL,OPENBANK_PLATFORM
APP000580,CUS000026,2026-01-15T15:58:01,WEB,7500,APPROVED,OB_CC_CLASSIC,OPENBANK_PLATFORM
APP000581,CUS000380,2026-04-06T13:02:54,MOBILE,15000,MANUAL_REVIEW,OB_CC_CASHBACK,OPENBANK_PLATFORM
APP000582,CUS000195,2026-01-02T14:34:29,WEB,20000,DECLINED,OB_CC_TRAVEL,OPENBANK_PLATFORM
APP000583,CUS000044,2026-04-30T23:25:55,MOBILE,20000,DECLINED,OB_CC_CASHBACK,OPENBANK_PLATFORM
APP000584,CUS000266,2025-08-19T05:06:18,MOBILE,15000,DECLINED,OB_CC_TRAVEL,OPENBANK_PLATFORM
APP000585,CUS000215,2025-08-28T06:21:30,WEB,10000,APPROVED,OB_CC_TRAVEL,OPENBANK_PLATFORM
APP000586,CUS000165,2025-06-15T00:56:25,WEB,5000,APPROVED,OB_CC_TRAVEL,OPENBANK_PLATFORM
APP000587,CUS000179,2025-09-23T03:21:14,WEB,7500,APPROVED,OB_CC_CLASSIC,OPENBANK_PLATFORM
APP000588,CUS000166,2026-05-03T19:39:37,PARTNER,5000,APPROVED,OB_CC_CASHBACK,OPENBANK_PLATFORM
APP000589,CUS000338,2025-07-13T03:27:04,MOBILE,15000,DECLINED,OB_CC_TRAVEL,OPENBANK_PLATFORM
APP000590,CUS000168,2026-01-03T13:38:41,WEB,15000,APPROVED,OB_CC_CASHBACK,OPENBANK_PLATFORM
APP000591,CUS000407,2025-09-30T05:53:38,MOBILE,7500,APPROVED,OB_CC_CASHBACK,OPENBANK_PLATFORM
APP000592,CUS000144,2026-05-02T18:43:55,MOBILE,5000,DECLINED,OB_CC_TRAVEL,OPENBANK_PLATFORM
APP000593,CUS000439,2025-11-23T18:53:55,WEB,5000,DECLINED,OB_CC_CASHBACK,OPENBANK_PLATFORM
APP000594,CUS000448,2025-11-25T11:10:43,MOBILE,7500,APPROVED,OB_CC_CLASSIC,OPENBANK_PLATFORM
APP000595,CUS000376,2026-06-17T12:53:11,PARTNER,10000,DECLINED,OB_CC_CLASSIC,OPENBANK_PLATFORM
APP000596,CUS000082,2025-07-22T06:01:50,PARTNER,15000,APPROVED,OB_CC_CLASSIC,OPENBANK_PLATFORM
APP000597,CUS000200,2026-02-23T15:20:15,MOBILE,7500,APPROVED,OB_CC_CLASSIC,OPENBANK_PLATFORM
APP000598,CUS000074,2026-02-02T05:50:04,WEB,20000,DECLINED,OB_CC_TRAVEL,OPENBANK_PLATFORM
APP000599,CUS000494,2025-10-20T05:06:47,WEB,7500,APPROVED,OB_CC_CLASSIC,OPENBANK_PLATFORM
APP000600,CUS000339,2026-01-11T10:52:47,WEB,20000,DECLINED,OB_CC_CLASSIC,OPENBANK_PLATFORM
APP000601,CUS000487,2025-06-21T13:53:24,MOBILE,20000,APPROVED,OB_CC_CASHBACK,OPENBANK_PLATFORM
APP000602,CUS000446,2026-05-07T18:00:19,PARTNER,20000,DECLINED,OB_CC_CLASSIC,OPENBANK_PLATFORM
APP000603,CUS000328,2026-02-16T11:58:20,PARTNER,7500,APPROVED,OB_CC_CLASSIC,OPENBANK_PLATFORM
APP000604,CUS000311,2026-03-17T13:40:59,PARTNER,10000,DECLINED,OB_CC_CLASSIC,OPENBANK_PLATFORM
APP000605,CUS000049,2025-07-31T08:41:15,PARTNER,5000,DECLINED,OB_CC_TRAVEL,OPENBANK_PLATFORM
APP000606,CUS000417,2026-04-18T15:43:16,WEB,15000,APPROVED,OB_CC_TRAVEL,OPENBANK_PLATFORM
APP000607,CUS000420,2026-05-16T12:31:35,WEB,5000,APPROVED,OB_CC_CLASSIC,OPENBANK_PLATFORM
APP000608,CUS000418,2025-08-28T18:11:54,WEB,20000,APPROVED,OB_CC_TRAVEL,OPENBANK_PLATFORM
APP000609,CUS000255,2026-04-24T06:46:44,MOBILE,20000,APPROVED,OB_CC_CASHBACK,OPENBANK_PLATFORM
APP000610,CUS000359,2026-04-25T20:24:23,PARTNER,5000,APPROVED,OB_CC_CLASSIC,OPENBANK_PLATFORM
APP000611,CUS000182,2025-12-21T04:50:36,WEB,7500,APPROVED,OB_CC_CASHBACK,OPENBANK_PLATFORM
APP000612,CUS000254,2025-09-23T07:58:21,WEB,3000,MANUAL_REVIEW,OB_CC_CLASSIC,OPENBANK_PLATFORM
APP000613,CUS000430,2026-01-11T15:05:32,PARTNER,10000,MANUAL_REVIEW,OB_CC_TRAVEL,OPENBANK_PLATFORM
APP000614,CUS000362,2025-12-04T09:35:44,MOBILE,7500,APPROVED,OB_CC_CLASSIC,OPENBANK_PLATFORM
APP000615,CUS000470,2026-02-15T17:19:15,MOBILE,10000,DECLINED,OB_CC_CASHBACK,OPENBANK_PLATFORM
APP000616,CUS000295,2025-06-28T16:45:24,MOBILE,10000,DECLINED,OB_CC_CLASSIC,OPENBANK_PLATFORM
APP000617,CUS000245,2026-05-28T05:23:02,PARTNER,2000,DECLINED,OB_CC_TRAVEL,OPENBANK_PLATFORM
APP000618,CUS000111,2026-05-05T16:27:39,PARTNER,5000,APPROVED,OB_CC_TRAVEL,OPENBANK_PLATFORM
APP000619,CUS000028,2026-05-31T13:02:49,WEB,10000,MANUAL_REVIEW,OB_CC_CASHBACK,OPENBANK_PLATFORM
APP000620,CUS000016,2026-04-29T18:01:17,WEB,15000,APPROVED,OB_CC_TRAVEL,OPENBANK_PLATFORM
APP000621,CUS000050,2025-11-07T12:55:51,PARTNER,3000,DECLINED,OB_CC_CASHBACK,OPENBANK_PLATFORM
APP000622,CUS000385,2025-07-19T19:04:24,WEB,5000,APPROVED,OB_CC_CASHBACK,OPENBANK_PLATFORM
APP000623,CUS000410,2026-03-18T20:30:41,WEB,5000,APPROVED,OB_CC_CASHBACK,OPENBANK_PLATFORM
APP000624,CUS000434,2025-08-30T18:28:16,MOBILE,3000,MANUAL_REVIEW,OB_CC_TRAVEL,OPENBANK_PLATFORM
APP000625,CUS000056,2025-11-26T06:34:07,PARTNER,10000,APPROVED,OB_CC_CLASSIC,OPENBANK_PLATFORM
APP000626,CUS000127,2025-12-05T05:08:51,MOBILE,3000,MANUAL_REVIEW,OB_CC_CLASSIC,OPENBANK_PLATFORM
APP000627,CUS000051,2026-02-22T03:18:41,PARTNER,15000,APPROVED,OB_CC_TRAVEL,OPENBANK_PLATFORM
APP000628,CUS000223,2025-12-11T02:59:58,WEB,7500,APPROVED,OB_CC_TRAVEL,OPENBANK_PLATFORM
APP000629,CUS000485,2025-07-16T11:10:54,PARTNER,10000,APPROVED,OB_CC_CASHBACK,OPENBANK_PLATFORM
APP000630,CUS000261,2026-02-24T06:29:28,MOBILE,10000,APPROVED,OB_CC_CASHBACK,OPENBANK_PLATFORM
APP000631,CUS000328,2026-04-10T00:34:03,MOBILE,2000,DECLINED,OB_CC_CASHBACK,OPENBANK_PLATFORM
APP000632,CUS000191,2025-12-23T01:37:46,WEB,3000,APPROVED,OB_CC_CLASSIC,OPENBANK_PLATFORM
APP000633,CUS000354,2025-06-06T15:08:31,MOBILE,20000,DECLINED,OB_CC_CASHBACK,OPENBANK_PLATFORM
APP000634,CUS000340,2026-05-20T08:07:05,PARTNER,2000,APPROVED,OB_CC_CASHBACK,OPENBANK_PLATFORM
APP000635,CUS000275,2025-10-25T10:21:56,PARTNER,20000,DECLINED,OB_CC_CASHBACK,OPENBANK_PLATFORM
APP000636,CUS000019,2026-01-27T17:25:59,WEB,2000,DECLINED,OB_CC_CASHBACK,OPENBANK_PLATFORM
APP000637,CUS000190,2026-01-11T05:11:51,PARTNER,7500,APPROVED,OB_CC_CASHBACK,OPENBANK_PLATFORM
APP000638,CUS000103,2026-04-26T02:03:16,MOBILE,7500,DECLINED,OB_CC_CLASSIC,OPENBANK_PLATFORM
APP000639,CUS000447,2026-01-12T02:31:34,WEB,20000,APPROVED,OB_CC_CLASSIC,OPENBANK_PLATFORM
APP000640,CUS000020,2025-08-13T03:46:44,WEB,15000,APPROVED,OB_CC_CASHBACK,OPENBANK_PLATFORM
APP000641,CUS000422,2026-01-30T20:48:26,MOBILE,15000,APPROVED,OB_CC_CLASSIC,OPENBANK_PLATFORM
APP000642,CUS000074,2025-10-25T23:11:45,WEB,15000,DECLINED,OB_CC_TRAVEL,OPENBANK_PLATFORM
APP000643,CUS000022,2026-01-22T14:56:28,PARTNER,15000,MANUAL_REVIEW,OB_CC_TRAVEL,OPENBANK_PLATFORM
APP000644,CUS000228,2025-12-16T16:52:34,MOBILE,5000,APPROVED,OB_CC_CASHBACK,OPENBANK_PLATFORM
APP000645,CUS000281,2025-12-27T13:38:47,MOBILE,15000,DECLINED,OB_CC_CLASSIC,OPENBANK_PLATFORM
APP000646,CUS000103,2025-09-20T12:17:40,WEB,10000,APPROVED,OB_CC_CASHBACK,OPENBANK_PLATFORM
APP000647,CUS000206,2026-03-22T07:12:07,MOBILE,3000,DECLINED,OB_CC_CLASSIC,OPENBANK_PLATFORM
APP000648,CUS000050,2025-07-04T03:07:19,WEB,2000,MANUAL_REVIEW,OB_CC_TRAVEL,OPENBANK_PLATFORM
APP000649,CUS000381,2025-08-17T07:45:19,WEB,5000,DECLINED,OB_CC_CASHBACK,OPENBANK_PLATFORM
APP000650,CUS000084,2025-12-30T04:18:44,PARTNER,10000,APPROVED,OB_CC_CASHBACK,OPENBANK_PLATFORM
