customer_id,first_name,last_name,date_of_birth,email,city,state,region,annual_income,employment_status,created_at,updated_at
CUS000001,Emma,Smith,1976-12-20,emma.smith1@example.com,Grand Rapids,MI,Midwest,52000,EMPLOYED,2025-08-17T05:04:49,2025-11-19T05:04:49
CUS000002,Evelyn,Williams,1957-11-07,evelyn.williams2@example.com,Springfield,IL,Midwest,78000,EMPLOYED,2025-01-31T03:24:40,2025-02-27T03:24:40
CUS000003,Ava,Perez,2003-11-21,ava.perez3@example.com,Houston,TX,South,92000,SELF_EMPLOYED,2026-03-06T08:01:33,2026-05-02T08:01:33
CUS000004,Ava,Garcia,1985-07-11,ava.garcia4@example.com,Grand Rapids,MI,Midwest,110000,EMPLOYED,2025-10-12T05:39:39,2025-11-08T05:39:39
CUS000005,Harper,Brown,1978-09-24,harper.brown5@example.com,Savannah,GA,South,52000,RETIRED,2025-02-14T16:43:37,2025-04-23T16:43:37
CUS000006,Harper,Williams,1987-06-12,harper.williams6@example.com,Tucson,AZ,West,78000,SELF_EMPLOYED,2025-07-16T02:31:56,2025-07-21T02:31:56
CUS000007,Noah,Davis,1979-12-09,noah.davis7@example.com,Jersey City,NJ,Northeast,110000,EMPLOYED,2026-04-10T23:08:40,2026-07-25T23:08:40
CUS000008,Amelia,Miller,1961-05-28,amelia.miller8@example.com,Cleveland,OH,Midwest,78000,EMPLOYED,2025-06-25T19:26:50,2025-09-26T19:26:50
CUS000009,Harper,Wilson,1984-02-04,harper.wilson9@example.com,Columbus,OH,Midwest,42000,SELF_EMPLOYED,2025-02-27T08:20:21,2025-06-12T08:20:21
CUS000010,Harper,Wilson,1983-03-26,harper.wilson10@example.com,Newark,NJ,Northeast,135000,STUDENT,2025-08-06T23:51:49,2025-10-08T23:51:49
CUS000011,James,Jones,1977-02-15,james.jones11@example.com,Miami,FL,South,135000,EMPLOYED,2025-09-27T21:17:02,2025-11-20T21:17:02
CUS000012,Olivia,Lee,1959-03-24,olivia.lee12@example.com,Seattle,WA,West,65000,SELF_EMPLOYED,2025-04-23T05:33:53,2025-07-12T05:33:53
CUS000013,Elijah,White,1989-03-27,elijah.white13@example.com,Jersey City,NJ,Northeast,210000,STUDENT,2026-04-25T19:15:52,2026-05-27T19:15:52
CUS000014,Ava,Brown,1985-07-08,ava.brown14@example.com,Cleveland,OH,Midwest,65000,EMPLOYED,2025-04-25T10:41:09,2025-06-19T10:41:09
CUS000015,Mia,Lee,1981-10-10,mia.lee15@example.com,Boston,MA,Northeast,65000,EMPLOYED,2026-06-04T22:10:18,2026-06-29T22:10:18
CUS000016,Sophia,Perez,1984-01-30,sophia.perez16@example.com,Phoenix,AZ,West,110000,STUDENT,2026-05-16T00:42:32,2026-05-30T00:42:32
CUS000017,Isabella,Davis,1962-01-24,isabella.davis17@example.com,New York,NY,Northeast,52000,RETIRED,2025-03-29T17:41:39,2025-07-11T17:41:39
CUS000018,Evelyn,Jones,2004-04-28,evelyn.jones18@example.com,Worcester,MA,Northeast,135000,RETIRED,2025-06-19T09:39:01,2025-08-25T09:39:01
CUS000019,Evelyn,Miller,1990-10-18,evelyn.miller19@example.com,Grand Rapids,MI,Midwest,210000,EMPLOYED,2026-01-18T15:57:02,2026-05-13T15:57:02
CUS000020,Ethan,Davis,1956-11-20,ethan.davis20@example.com,Jersey City,NJ,Northeast,42000,EMPLOYED,2025-08-24T21:25:28,2025-09-21T21:25:28
CUS000021,Liam,Davis,1984-08-23,liam.davis21@example.com,Newark,NJ,Northeast,92000,EMPLOYED,2025-03-14T18:43:11,2025-04-13T18:43:11
CUS000022,Mason,Perez,1976-10-19,mason.perez22@example.com,Worcester,MA,Northeast,52000,EMPLOYED,2026-04-30T14:49:14,2026-05-24T14:49:14
CUS000023,Elijah,Taylor,1996-11-24,elijah.taylor23@example.com,San Diego,CA,West,52000,EMPLOYED,2025-02-25T23:47:29,2025-05-18T23:47:29
CUS000024,Lucas,Brown,1972-01-24,lucas.brown24@example.com,Dallas,TX,South,65000,EMPLOYED,2026-04-05T05:06:13,2026-05-29T05:06:13
CUS000025,Ethan,Williams,1959-07-16,ethan.williams25@example.com,Seattle,WA,West,78000,EMPLOYED,2025-01-16T03:23:44,2025-05-14T03:23:44
CUS000026,Charlotte,Martin,1960-04-05,charlotte.martin26@example.com,Austin,TX,South,135000,EMPLOYED,2025-06-18T13:47:52,2025-06-18T13:47:52
CUS000027,James,Martinez,2004-11-10,james.martinez27@example.com,San Francisco,CA,West,92000,EMPLOYED,2026-05-14T05:38:09,2026-06-07T05:38:09
CUS000028,Liam,Thompson,1983-02-19,liam.thompson28@example.com,Detroit,MI,Midwest,160000,EMPLOYED,2025-02-28T01:49:32,2025-05-13T01:49:32
CUS000029,Benjamin,Garcia,1971-09-03,benjamin.garcia29@example.com,New York,NY,Northeast,78000,EMPLOYED,2025-03-12T21:39:52,2025-03-20T21:39:52
CUS000030,Henry,Davis,1962-05-10,henry.davis30@example.com,Chicago,IL,Midwest,210000,EMPLOYED,2026-03-06T23:56:03,2026-05-19T23:56:03
CUS000031,Mia,Miller,1976-05-31,mia.miller31@example.com,Cleveland,OH,Midwest,92000,EMPLOYED,2025-09-29T14:24:36,2025-10-15T14:24:36
CUS000032,Noah,Smith,1961-07-28,noah.smith32@example.com,Seattle,WA,West,65000,RETIRED,2025-08-07T18:25:07,2025-09-09T18:25:07
CUS000033,Noah,Davis,1969-02-25,noah.davis33@example.com,Savannah,GA,South,92000,EMPLOYED,2026-03-25T19:46:40,2026-06-23T19:46:40
CUS000034,Benjamin,Smith,1964-04-17,benjamin.smith34@example.com,Cleveland,OH,Midwest,52000,SELF_EMPLOYED,2025-05-18T09:37:44,2025-06-01T09:37:44
CUS000035,Olivia,Wilson,1985-10-05,olivia.wilson35@example.com,Miami,FL,South,92000,EMPLOYED,2025-07-28T23:05:30,2025-11-14T23:05:30
CUS000036,Mia,Johnson,1979-10-28,mia.johnson36@example.com,Jersey City,NJ,Northeast,65000,EMPLOYED,2025-02-15T00:07:44,2025-03-29T00:07:44
CUS000037,Mia,Garcia,2004-06-29,mia.garcia37@example.com,Grand Rapids,MI,Midwest,52000,EMPLOYED,2026-03-14T20:25:19,2026-03-15T20:25:19
CUS000038,Olivia,Perez,2004-07-27,olivia.perez38@example.com,Buffalo,NY,Northeast,42000,EMPLOYED,2025-06-01T15:38:53,2025-06-17T15:38:53
CUS000039,Liam,Taylor,1977-05-21,liam.taylor39@example.com,Houston,TX,South,210000,STUDENT,2025-04-16T12:52:37,2025-07-24T12:52:37
CUS000040,Elijah,White,1976-03-28,elijah.white40@example.com,Detroit,MI,Midwest,135000,EMPLOYED,2025-06-16T06:26:46,2025-10-06T06:26:46
CUS000041,Lucas,Moore,1978-12-08,invalid-email-format,Columbus,OH,Midwest,42000,STUDENT,2025-06-13T03:56:08,2025-07-31T03:56:08
CUS000042,Ethan,Miller,1982-05-19,ethan.miller42@example.com,Tacoma,WA,West,78000,EMPLOYED,2025-08-22T08:06:59,2025-08-25T08:06:59
CUS000043,Mia,Williams,2000-09-13,mia.williams43@example.com,Orlando,FL,South,42000,EMPLOYED,2026-02-14T19:31:22,2026-03-28T19:31:22
CUS000044,Mia,Garcia,1958-06-07,mia.garcia44@example.com,Springfield,IL,Midwest,110000,SELF_EMPLOYED,2025-04-22T21:43:13,2025-06-16T21:43:13
CUS000045,Lucas,Moore,1989-07-23,lucas.moore45@example.com,Chicago,IL,Midwest,135000,EMPLOYED,2025-07-14T09:16:26,2025-07-19T09:16:26
CUS000046,Evelyn,Miller,1961-04-11,evelyn.miller46@example.com,Savannah,GA,South,52000,SELF_EMPLOYED,2025-12-05T22:41:18,2026-01-14T22:41:18
CUS000047,Isabella,Lee,1984-04-06,isabella.lee47@example.com,Orlando,FL,South,65000,EMPLOYED,2026-02-17T10:45:52,2026-04-28T10:45:52
CUS000048,Harper,Garcia,1991-06-07,harper.garcia48@example.com,Springfield,IL,Midwest,78000,EMPLOYED,2025-01-01T11:03:49,2025-02-06T11:03:49
CUS000049,Henry,White,1996-09-18,henry.white49@example.com,Cleveland,OH,Midwest,78000,EMPLOYED,2026-03-29T16:05:54,2026-06-23T16:05:54
CUS000050,Sophia,Williams,1963-05-19,sophia.williams50@example.com,Orlando,FL,South,78000,EMPLOYED,2025-08-29T11:18:07,2025-09-26T11:18:07
CUS000051,Liam,Davis,1995-11-10,liam.davis51@example.com,Seattle,WA,West,78000,SELF_EMPLOYED,2026-03-01T22:55:44,2026-05-13T22:55:44
CUS000052,Harper,Martin,1968-03-28,harper.martin52@example.com,Los Angeles,CA,West,135000,EMPLOYED,2025-01-06T03:52:50,2025-04-15T03:52:50
CUS000053,Benjamin,Jackson,1965-11-20,benjamin.jackson53@example.com,New York,NY,Northeast,160000,EMPLOYED,2026-04-13T04:51:17,2026-07-24T04:51:17
CUS000054,Evelyn,White,2000-04-14,evelyn.white54@example.com,Savannah,GA,South,65000,SELF_EMPLOYED,2026-03-13T19:56:50,2026-05-09T19:56:50
CUS000055,Charlotte,Jackson,1979-11-17,charlotte.jackson55@example.com,Miami,FL,South,92000,EMPLOYED,2026-05-12T22:49:09,2026-06-11T22:49:09
CUS000056,Isabella,Davis,1983-09-07,isabella.davis56@example.com,Orlando,FL,South,78000,EMPLOYED,2025-03-24T05:02:16,2025-04-12T05:02:16
CUS000057,Olivia,Miller,1991-07-27,olivia.miller57@example.com,Jersey City,NJ,Northeast,135000,EMPLOYED,2025-12-05T19:45:21,2026-02-02T19:45:21
CUS000058,Elijah,Thomas,1989-02-15,elijah.thomas58@example.com,Chicago,IL,Midwest,110000,EMPLOYED,2026-05-04T00:12:52,2026-09-01T00:12:52
CUS000059,Harper,Moore,1998-10-20,harper.moore59@example.com,Phoenix,AZ,West,160000,EMPLOYED,2025-08-13T09:56:14,2025-10-07T09:56:14
CUS000060,Lucas,Thomas,1996-12-06,lucas.thomas60@example.com,Detroit,MI,Midwest,42000,RETIRED,2025-05-11T22:39:20,2025-07-18T22:39:20
CUS000061,Henry,Thompson,1962-07-13,henry.thompson61@example.com,Columbus,OH,Midwest,160000,EMPLOYED,2026-03-15T04:56:26,2026-07-03T04:56:26
CUS000062,Mia,Thomas,1995-10-17,mia.thomas62@example.com,Atlanta,GA,South,135000,EMPLOYED,2025-12-01T12:17:16,2026-03-08T12:17:16
CUS000063,Elijah,Wilson,1956-09-27,elijah.wilson63@example.com,Jersey City,NJ,Northeast,52000,SELF_EMPLOYED,2025-02-23T12:44:30,2025-03-23T12:44:30
CUS000064,Liam,Smith,1956-10-29,liam.smith64@example.com,Dallas,TX,South,160000,EMPLOYED,2025-06-06T08:41:06,2025-06-22T08:41:06
CUS000065,Henry,Miller,1988-02-04,henry.miller65@example.com,Tacoma,WA,West,52000,SELF_EMPLOYED,2025-06-21T22:03:35,2025-09-06T22:03:35
CUS000066,Sophia,Martinez,1982-12-27,sophia.martinez66@example.com,Newark,NJ,Northeast,78000,EMPLOYED,2026-01-20T14:26:30,2026-05-20T14:26:30
CUS000067,Ethan,Brown,1965-11-10,ethan.brown67@example.com,Grand Rapids,MI,Midwest,135000,EMPLOYED,2025-02-12T12:38:28,2025-04-21T12:38:28
CUS000068,Noah,Lee,1956-02-19,noah.lee68@example.com,Cleveland,OH,Midwest,135000,RETIRED,2026-03-07T17:50:51,2026-03-20T17:50:51
CUS000069,James,Jones,2001-10-22,james.jones69@example.com,Los Angeles,CA,West,210000,SELF_EMPLOYED,2025-10-04T22:25:28,2026-01-15T22:25:28
CUS000070,James,Moore,1983-12-01,james.moore70@example.com,Grand Rapids,MI,Midwest,160000,EMPLOYED,2025-09-09T03:09:19,2025-10-14T03:09:19
CUS000071,James,Thompson,1985-03-07,james.thompson71@example.com,Springfield,IL,Midwest,110000,EMPLOYED,2025-01-30T17:59:49,2025-05-18T17:59:49
CUS000072,Mason,Taylor,1980-02-02,mason.taylor72@example.com,Orlando,FL,South,210000,RETIRED,2025-10-10T20:14:08,2025-10-11T20:14:08
CUS000073,Noah,Davis,1998-10-31,noah.davis73@example.com,Grand Rapids,MI,Midwest,160000,EMPLOYED,2025-09-04T17:20:02,2025-11-25T17:20:02
CUS000074,Ava,Williams,1991-04-13,ava.williams74@example.com,Miami,FL,South,110000,EMPLOYED,2025-09-07T11:08:55,2025-11-30T11:08:55
CUS000075,Benjamin,Taylor,2004-05-18,benjamin.taylor75@example.com,San Francisco,CA,West,160000,EMPLOYED,2025-12-05T12:48:32,2026-03-04T12:48:32
CUS000076,Mia,Davis,1983-04-23,mia.davis76@example.com,Newark,NJ,Northeast,65000,EMPLOYED,2025-05-03T19:30:36,2025-08-08T19:30:36
CUS000077,Charlotte,Wilson,1964-01-08,charlotte.wilson77@example.com,Grand Rapids,MI,Midwest,110000,EMPLOYED,2025-07-18T10:47:09,2025-08-16T10:47:09
CUS000078,Ava,Perez,1959-01-31,ava.perez78@example.com,Worcester,MA,Northeast,65000,EMPLOYED,2025-02-25T20:08:49,2025-04-03T20:08:49
CUS000079,Charlotte,Brown,1997-02-10,charlotte.brown79@example.com,Buffalo,NY,Northeast,65000,RETIRED,2026-05-06T16:02:13,2026-06-18T16:02:13
CUS000080,Mia,Martin,1990-12-13,mia.martin80@example.com,Newark,NJ,Northeast,42000,EMPLOYED,2026-05-19T02:41:50,2026-07-31T02:41:50
CUS000081,Henry,Martinez,1965-08-17,henry.martinez81@example.com,Newark,NJ,Northeast,78000,SELF_EMPLOYED,2026-03-03T22:04:31,2026-05-18T22:04:31
CUS000082,Harper,Jackson,1993-06-21,harper.jackson82@example.com,Tacoma,WA,West,42000,EMPLOYED,2025-11-09T20:42:11,2026-01-27T20:42:11
CUS000083,Emma,Miller,1978-09-28,emma.miller83@example.com,Columbus,OH,Midwest,65000,EMPLOYED,2025-03-25T05:43:05,2025-04-24T05:43:05
CUS000084,Sophia,Smith,1997-02-27,sophia.smith84@example.com,San Diego,CA,West,92000,SELF_EMPLOYED,2025-10-26T01:11:18,2025-11-24T01:11:18
CUS000085,James,Williams,1978-09-25,james.williams85@example.com,Columbus,OH,Midwest,210000,EMPLOYED,2025-07-22T15:28:43,2025-08-05T15:28:43
CUS000086,Olivia,Wilson,1960-05-08,olivia.wilson86@example.com,Boston,MA,Northeast,92000,EMPLOYED,2025-06-19T11:11:59,2025-09-03T11:11:59
CUS000087,James,Martinez,1979-06-04,james.martinez87@example.com,Grand Rapids,MI,Midwest,160000,EMPLOYED,2026-05-28T19:39:36,2026-07-30T19:39:36
CUS000088,Liam,Moore,1977-06-18,liam.moore88@example.com,Grand Rapids,MI,Midwest,42000,RETIRED,2025-01-27T03:19:30,2025-02-25T03:19:30
CUS000089,Mia,Thompson,1997-03-18,mia.thompson89@example.com,New York,NY,Northeast,135000,EMPLOYED,2026-03-29T10:07:38,2026-04-21T10:07:38
CUS000090,Charlotte,Williams,1991-08-20,charlotte.williams90@example.com,Tacoma,WA,West,52000,STUDENT,2025-12-08T11:41:21,2026-03-03T11:41:21
CUS000091,Lucas,Moore,1980-11-09,lucas.moore91@example.com,Grand Rapids,MI,Midwest,160000,EMPLOYED,2026-02-15T20:01:42,2026-02-19T20:01:42
CUS000092,Mia,Anderson,2001-03-02,mia.anderson92@example.com,Jersey City,NJ,Northeast,210000,EMPLOYED,2025-01-02T23:56:40,2025-04-23T23:56:40
CUS000093,Liam,Miller,1999-09-21,liam.miller93@example.com,Tucson,AZ,West,92000,EMPLOYED,2026-03-29T01:52:44,2026-04-24T01:52:44
CUS000094,Isabella,Jackson,1965-11-22,isabella.jackson94@example.com,Grand Rapids,MI,Midwest,78000,SELF_EMPLOYED,2025-01-30T22:56:18,2025-04-17T22:56:18
CUS000095,Isabella,Perez,1963-05-13,isabella.perez95@example.com,Buffalo,NY,Northeast,52000,EMPLOYED,2025-08-19T04:07:51,2025-10-17T04:07:51
CUS000096,Olivia,Martin,2000-08-26,olivia.martin96@example.com,Grand Rapids,MI,Midwest,160000,RETIRED,2025-10-07T15:07:39,2026-01-21T15:07:39
CUS000097,Ethan,Jackson,1989-05-31,ethan.jackson97@example.com,Phoenix,AZ,West,65000,STUDENT,2025-07-15T21:49:21,2025-09-18T21:49:21
CUS000098,Mia,Moore,1955-03-26,mia.moore98@example.com,Savannah,GA,South,160000,STUDENT,2025-10-17T10:52:12,2026-02-01T10:52:12
CUS000099,James,Perez,1984-10-28,james.perez99@example.com,Tacoma,WA,West,110000,STUDENT,2026-01-22T16:34:42,2026-05-21T16:34:42
CUS000100,Ethan,Thompson,1991-11-08,ethan.thompson100@example.com,Los Angeles,CA,West,160000,SELF_EMPLOYED,2025-02-14T11:35:04,2025-05-20T11:35:04
CUS000101,Harper,Thomas,1999-06-09,harper.thomas101@example.com,Columbus,OH,Midwest,110000,STUDENT,2025-02-07T04:35:47,2025-04-12T04:35:47
CUS000102,James,Brown,1956-05-17,james.brown102@example.com,Tucson,AZ,West,65000,EMPLOYED,2025-05-28T14:55:36,2025-09-16T14:55:36
CUS000103,Mia,Anderson,1962-03-16,mia.anderson103@example.com,Springfield,IL,Midwest,110000,EMPLOYED,2025-12-03T19:25:42,2026-01-20T19:25:42
CUS000104,Charlotte,Perez,1976-01-23,charlotte.perez104@example.com,New York,NY,Northeast,52000,EMPLOYED,2025-10-22T08:16:57,2026-01-25T08:16:57
CUS000105,Emma,Brown,1981-11-12,emma.brown105@example.com,Seattle,WA,West,42000,EMPLOYED,2025-01-30T01:40:28,2025-03-12T01:40:28
CUS000106,Amelia,Moore,2002-08-27,amelia.moore106@example.com,Boston,MA,Northeast,65000,EMPLOYED,2026-02-26T20:36:17,2026-05-24T20:36:17
CUS000107,Noah,White,1976-08-09,noah.white107@example.com,San Francisco,CA,West,78000,EMPLOYED,2026-05-25T21:13:55,2026-06-12T21:13:55
CUS000108,Mia,Jackson,1996-09-27,mia.jackson108@example.com,Miami,FL,South,52000,EMPLOYED,2025-10-22T19:54:03,2025-11-11T19:54:03
CUS000109,Amelia,Thompson,1977-06-09,amelia.thompson109@example.com,Orlando,FL,South,135000,STUDENT,2026-04-13T10:59:59,2026-05-08T10:59:59
CUS000110,Emma,Davis,1987-03-16,emma.davis110@example.com,San Francisco,CA,West,135000,EMPLOYED,2025-10-30T10:44:56,2025-11-01T10:44:56
CUS000111,Henry,Johnson,1980-09-04,henry.johnson111@example.com,Springfield,IL,Midwest,110000,EMPLOYED,2025-08-24T22:06:09,2025-12-04T22:06:09
CUS000112,Mason,White,1963-09-19,mason.white112@example.com,Miami,FL,South,160000,EMPLOYED,2025-02-10T11:14:52,2025-05-21T11:14:52
CUS000113,Amelia,Jones,1984-04-23,amelia.jones113@example.com,Jersey City,NJ,Northeast,65000,SELF_EMPLOYED,2026-03-02T06:23:41,2026-03-27T06:23:41
CUS000114,Amelia,Lee,1969-10-05,amelia.lee114@example.com,Tucson,AZ,West,92000,SELF_EMPLOYED,2025-09-21T17:32:36,2026-01-02T17:32:36
CUS000115,Lucas,Brown,1967-08-18,lucas.brown115@example.com,Seattle,WA,West,210000,EMPLOYED,2025-08-20T14:28:09,2025-12-06T14:28:09
CUS000116,Harper,Smith,1995-10-20,harper.smith116@example.com,Miami,FL,South,135000,SELF_EMPLOYED,2026-01-13T09:32:42,2026-03-28T09:32:42
CUS000117,Amelia,Brown,1997-04-19,amelia.brown117@example.com,Columbus,OH,Midwest,210000,EMPLOYED,2025-01-26T22:33:25,2025-05-19T22:33:25
CUS000118,Camila,Davis,1996-08-26,camila.davis118@example.com,Columbus,OH,Midwest,52000,EMPLOYED,2025-11-06T23:38:17,2025-12-28T23:38:17
CUS000119,Liam,Martinez,1963-09-20,liam.martinez119@example.com,Seattle,WA,West,135000,EMPLOYED,2025-08-29T19:34:17,2025-09-15T19:34:17
CUS000120,Evelyn,Moore,1992-03-21,evelyn.moore120@example.com,Chicago,IL,Midwest,135000,RETIRED,2025-04-12T17:48:59,2025-06-29T17:48:59
CUS000121,Mia,Johnson,1974-06-29,mia.johnson121@example.com,Grand Rapids,MI,Midwest,110000,EMPLOYED,2026-03-31T16:11:27,2026-04-30T16:11:27
CUS000122,Amelia,Perez,1960-06-07,amelia.perez122@example.com,Cleveland,OH,Midwest,52000,RETIRED,2026-02-12T10:02:40,2026-03-08T10:02:40
CUS000123,James,Williams,1956-11-30,james.williams123@example.com,Columbus,OH,Midwest,65000,SELF_EMPLOYED,2025-02-21T12:08:33,2025-03-24T12:08:33
CUS000124,Mason,Williams,1974-05-17,mason.williams124@example.com,Phoenix,AZ,West,65000,SELF_EMPLOYED,2025-08-27T11:57:44,2025-12-04T11:57:44
CUS000125,Camila,Smith,1966-08-30,camila.smith125@example.com,Miami,FL,South,42000,EMPLOYED,2025-09-14T06:21:11,2025-09-28T06:21:11
CUS000126,Amelia,Davis,1956-06-01,amelia.davis126@example.com,Springfield,IL,Midwest,65000,SELF_EMPLOYED,2025-06-28T09:39:42,2025-07-04T09:39:42
CUS000127,Benjamin,Brown,1997-09-22,benjamin.brown127@example.com,Detroit,MI,Midwest,52000,EMPLOYED,2026-04-05T13:10:53,2026-06-09T13:10:53
CUS000128,Ethan,White,1996-02-04,ethan.white128@example.com,Buffalo,NY,Northeast,135000,EMPLOYED,2025-02-01T02:12:52,2025-04-03T02:12:52
CUS000129,Emma,Martin,1961-08-05,emma.martin129@example.com,Grand Rapids,MI,Midwest,65000,EMPLOYED,2025-03-24T11:43:39,2025-06-09T11:43:39
CUS000130,Mia,White,1989-03-04,mia.white130@example.com,Cleveland,OH,Midwest,135000,EMPLOYED,2025-10-29T16:31:09,2026-01-01T16:31:09
CUS000131,Emma,Perez,1993-08-01,emma.perez131@example.com,Detroit,MI,Midwest,110000,SELF_EMPLOYED,2026-04-08T08:19:09,2026-05-30T08:19:09
CUS000132,Harper,Moore,1983-01-15,harper.moore132@example.com,Detroit,MI,Midwest,92000,EMPLOYED,2026-03-14T11:22:43,2026-06-07T11:22:43
CUS000133,Olivia,Martin,1962-08-29,olivia.martin133@example.com,Newark,NJ,Northeast,110000,SELF_EMPLOYED,2025-04-06T15:43:26,2025-04-18T15:43:26
CUS000134,Evelyn,Johnson,1965-12-19,evelyn.johnson134@example.com,Springfield,IL,Midwest,135000,STUDENT,2026-02-25T12:52:26,2026-06-16T12:52:26
CUS000135,Liam,Martinez,1986-07-19,liam.martinez135@example.com,Springfield,IL,Midwest,78000,EMPLOYED,2025-04-17T21:02:28,2025-06-20T21:02:28
CUS000136,Charlotte,Davis,2004-11-26,charlotte.davis136@example.com,Jersey City,NJ,Northeast,92000,EMPLOYED,2026-01-12T04:10:58,2026-04-19T04:10:58
CUS000137,Elijah,Perez,1978-12-29,elijah.perez137@example.com,Chicago,IL,Midwest,92000,RETIRED,2025-01-30T06:34:07,2025-03-05T06:34:07
CUS000138,Amelia,Smith,1990-12-15,amelia.smith138@example.com,Boston,MA,Northeast,42000,EMPLOYED,2025-03-13T05:09:55,2025-06-15T05:09:55
CUS000139,Benjamin,Miller,1995-09-13,benjamin.miller139@example.com,San Diego,CA,West,92000,SELF_EMPLOYED,2025-12-16T05:43:51,2026-02-01T05:43:51
CUS000140,Henry,White,1968-12-16,henry.white140@example.com,Newark,NJ,Northeast,52000,EMPLOYED,2025-06-11T22:29:41,2025-06-17T22:29:41
CUS000141,Elijah,Martin,1992-02-27,elijah.martin141@example.com,Springfield,IL,Midwest,210000,EMPLOYED,2025-10-07T07:50:55,2026-01-11T07:50:55
CUS000142,Elijah,Brown,2002-04-10,elijah.brown142@example.com,Orlando,FL,South,135000,RETIRED,2025-11-12T01:39:12,2025-12-10T01:39:12
CUS000143,Liam,Smith,1973-12-13,liam.smith143@example.com,Austin,TX,South,110000,EMPLOYED,2025-05-21T09:18:11,2025-06-27T09:18:11
CUS000144,Charlotte,Moore,1989-02-09,charlotte.moore144@example.com,Boston,MA,Northeast,110000,EMPLOYED,2025-08-24T18:12:50,2025-11-03T18:12:50
CUS000145,Liam,Moore,1961-12-26,liam.moore145@example.com,Buffalo,NY,Northeast,135000,SELF_EMPLOYED,2025-11-17T20:57:45,2026-01-10T20:57:45
CUS000146,Elijah,Martinez,1956-11-14,elijah.martinez146@example.com,Jersey City,NJ,Northeast,160000,SELF_EMPLOYED,2025-11-29T06:15:27,2026-03-11T06:15:27
CUS000147,Amelia,Williams,1976-10-29,amelia.williams147@example.com,Los Angeles,CA,West,210000,EMPLOYED,2026-03-23T21:26:24,2026-05-13T21:26:24
CUS000148,Isabella,Anderson,1970-01-31,isabella.anderson148@example.com,Austin,TX,South,52000,EMPLOYED,2025-03-20T18:35:10,2025-06-09T18:35:10
CUS000149,Mason,Taylor,1976-03-13,mason.taylor149@example.com,Atlanta,GA,South,78000,EMPLOYED,2025-04-16T05:19:54,2025-05-18T05:19:54
CUS000150,Olivia,Williams,1996-08-15,olivia.williams150@example.com,Worcester,MA,Northeast,110000,STUDENT,2026-04-05T20:33:09,2026-06-26T20:33:09
CUS000151,Lucas,Jones,1997-01-25,lucas.jones151@example.com,Seattle,WA,West,92000,EMPLOYED,2026-03-29T22:59:16,2026-05-06T22:59:16
CUS000152,Amelia,Lee,1996-06-04,amelia.lee152@example.com,Jersey City,NJ,Northeast,110000,SELF_EMPLOYED,2026-04-08T01:22:09,2026-04-15T01:22:09
CUS000153,Noah,Williams,1996-07-06,noah.williams153@example.com,Springfield,IL,Midwest,78000,EMPLOYED,2025-02-12T16:22:27,2025-06-08T16:22:27
CUS000154,Charlotte,Lee,1995-06-02,charlotte.lee154@example.com,Boston,MA,Northeast,52000,EMPLOYED,2025-04-16T12:30:15,2025-07-16T12:30:15
CUS000155,Sophia,Johnson,1994-04-10,sophia.johnson155@example.com,Houston,TX,South,65000,EMPLOYED,2026-03-26T19:04:50,2026-05-31T19:04:50
CUS000156,Isabella,Thomas,1959-09-12,isabella.thomas156@example.com,San Diego,CA,West,52000,EMPLOYED,2025-12-09T02:23:59,2026-01-20T02:23:59
CUS000157,Harper,Martinez,1984-11-27,harper.martinez157@example.com,Miami,FL,South,65000,RETIRED,2025-03-25T21:13:00,2025-06-17T21:13:00
CUS000158,Isabella,Thomas,1982-10-10,isabella.thomas158@example.com,Boston,MA,Northeast,110000,SELF_EMPLOYED,2026-01-21T23:25:43,2026-05-02T23:25:43
CUS000159,Benjamin,Williams,2000-08-14,benjamin.williams159@example.com,Cleveland,OH,Midwest,92000,EMPLOYED,2026-01-06T00:39:49,2026-02-21T00:39:49
CUS000160,Mason,Anderson,1975-04-29,mason.anderson160@example.com,Seattle,WA,West,92000,SELF_EMPLOYED,2025-05-21T05:38:28,2025-05-30T05:38:28
CUS000161,Emma,Lee,1985-03-19,emma.lee161@example.com,Phoenix,AZ,West,65000,EMPLOYED,2025-05-15T21:44:42,2025-07-02T21:44:42
CUS000162,Camila,Garcia,1958-12-02,camila.garcia162@example.com,Grand Rapids,MI,Midwest,78000,RETIRED,2026-02-25T13:15:49,2026-05-22T13:15:49
CUS000163,Camila,Martinez,1975-12-29,camila.martinez163@example.com,Grand Rapids,MI,Midwest,160000,RETIRED,2025-09-02T11:16:02,2025-12-14T11:16:02
CUS000164,Mason,Taylor,1996-06-02,mason.taylor164@example.com,Cleveland,OH,Midwest,210000,EMPLOYED,2025-10-16T13:54:12,2025-12-19T13:54:12
CUS000165,Sophia,Miller,1977-06-06,sophia.miller165@example.com,Chicago,IL,Midwest,110000,EMPLOYED,2025-02-23T23:20:40,2025-04-25T23:20:40
CUS000166,Emma,Lee,1962-07-11,emma.lee166@example.com,Jersey City,NJ,Northeast,210000,EMPLOYED,2025-06-14T09:55:55,2025-08-10T09:55:55
CUS000167,Elijah,Williams,1986-05-13,elijah.williams167@example.com,Austin,TX,South,135000,EMPLOYED,2025-01-28T15:06:21,2025-02-03T15:06:21
CUS000168,Ethan,Thomas,1975-02-22,ethan.thomas168@example.com,Jersey City,NJ,Northeast,52000,SELF_EMPLOYED,2025-01-29T11:36:10,2025-05-28T11:36:10
CUS000169,Lucas,Jones,1980-09-26,lucas.jones169@example.com,Boston,MA,Northeast,160000,EMPLOYED,2026-04-29T05:03:11,2026-08-04T05:03:11
CUS000170,Ava,Williams,1974-05-07,ava.williams170@example.com,Buffalo,NY,Northeast,210000,EMPLOYED,2025-06-03T19:58:52,2025-10-01T19:58:52
CUS000171,Isabella,Davis,1959-04-14,isabella.davis171@example.com,Miami,FL,South,160000,EMPLOYED,2025-09-02T15:17:07,2025-11-22T15:17:07
CUS000172,Charlotte,White,2001-03-27,charlotte.white172@example.com,Phoenix,AZ,West,135000,EMPLOYED,2025-09-05T05:13:38,2025-10-12T05:13:38
CUS000173,Amelia,Davis,1971-10-21,amelia.davis173@example.com,Springfield,IL,Midwest,52000,RETIRED,2025-03-29T19:03:34,2025-05-14T19:03:34
CUS000174,Evelyn,Lee,1990-01-11,evelyn.lee174@example.com,Phoenix,AZ,West,135000,RETIRED,2026-04-27T01:35:06,2026-07-17T01:35:06
CUS000175,Mia,Smith,1985-12-07,mia.smith175@example.com,Atlanta,GA,South,52000,SELF_EMPLOYED,2025-09-04T23:55:27,2025-11-23T23:55:27
CUS000176,Lucas,Jones,2003-12-26,lucas.jones176@example.com,Buffalo,NY,Northeast,160000,RETIRED,2025-12-13T23:24:12,2026-01-04T23:24:12
CUS000177,Charlotte,Garcia,1996-01-23,charlotte.garcia177@example.com,Boston,MA,Northeast,42000,SELF_EMPLOYED,2025-02-07T10:41:02,2025-03-04T10:41:02
CUS000178,Liam,Anderson,2003-09-20,liam.anderson178@example.com,Orlando,FL,South,78000,EMPLOYED,2026-04-30T09:13:22,2026-05-04T09:13:22
CUS000179,Liam,Anderson,1988-01-07,liam.anderson179@example.com,Miami,FL,South,160000,STUDENT,2026-03-24T14:33:51,2026-06-27T14:33:51
CUS000180,Harper,Anderson,1999-08-20,harper.anderson180@example.com,Worcester,MA,Northeast,52000,SELF_EMPLOYED,2026-01-12T18:54:22,2026-02-15T18:54:22
CUS000181,Noah,Moore,2003-12-09,noah.moore181@example.com,Chicago,IL,Midwest,52000,EMPLOYED,2025-10-28T11:41:41,2025-11-10T11:41:41
CUS000182,Isabella,Martinez,1969-12-13,isabella.martinez182@example.com,Tacoma,WA,West,42000,SELF_EMPLOYED,2026-03-31T12:47:57,2026-05-27T12:47:57
CUS000183,Amelia,White,1960-02-23,amelia.white183@example.com,San Diego,CA,West,110000,EMPLOYED,2025-03-18T23:12:40,2025-05-08T23:12:40
CUS000184,Sophia,Smith,1958-02-14,sophia.smith184@example.com,Worcester,MA,Northeast,110000,EMPLOYED,2025-05-10T02:26:52,2025-06-09T02:26:52
CUS000185,Henry,Johnson,1995-05-14,henry.johnson185@example.com,Chicago,IL,Midwest,52000,EMPLOYED,2026-01-15T13:32:40,2026-03-12T13:32:40
CUS000186,Benjamin,Taylor,1980-01-02,benjamin.taylor186@example.com,San Diego,CA,West,65000,EMPLOYED,2025-09-13T04:07:49,2025-09-16T04:07:49
CUS000187,Harper,Perez,1978-05-09,harper.perez187@example.com,Jersey City,NJ,Northeast,92000,EMPLOYED,2026-04-02T07:48:44,2026-06-19T07:48:44
CUS000188,Charlotte,Miller,1961-08-23,charlotte.miller188@example.com,Newark,NJ,Northeast,160000,RETIRED,2026-04-08T06:17:10,2026-08-01T06:17:10
CUS000189,Lucas,Taylor,2004-05-05,lucas.taylor189@example.com,Detroit,MI,Midwest,65000,SELF_EMPLOYED,2025-10-25T10:55:15,2026-02-10T10:55:15
CUS000190,Sophia,Taylor,1965-11-20,sophia.taylor190@example.com,Phoenix,AZ,West,160000,EMPLOYED,2025-07-25T05:03:22,2025-08-24T05:03:22
CUS000191,Evelyn,Thompson,2004-06-28,evelyn.thompson191@example.com,Savannah,GA,South,52000,EMPLOYED,2025-05-13T22:16:49,2025-09-03T22:16:49
CUS000192,Harper,Martin,1991-09-25,harper.martin192@example.com,Tucson,AZ,West,52000,EMPLOYED,2025-03-17T04:33:46,2025-04-26T04:33:46
CUS000193,Benjamin,Taylor,1966-07-30,benjamin.taylor193@example.com,Boston,MA,Northeast,42000,SELF_EMPLOYED,2026-03-20T18:18:31,2026-07-14T18:18:31
CUS000194,Benjamin,Jones,1969-07-13,benjamin.jones194@example.com,Miami,FL,South,210000,STUDENT,2025-11-27T08:12:32,2026-01-10T08:12:32
CUS000195,Noah,Wilson,2004-06-01,noah.wilson195@example.com,Houston,TX,South,92000,EMPLOYED,2025-10-09T04:33:26,2025-12-28T04:33:26
CUS000196,Noah,Lee,1968-10-31,noah.lee196@example.com,Columbus,OH,Midwest,110000,SELF_EMPLOYED,2025-06-25T23:59:01,2025-09-12T23:59:01
CUS000197,Henry,Johnson,1959-01-29,henry.johnson197@example.com,New York,NY,Northeast,135000,EMPLOYED,2025-09-29T23:42:24,2025-10-25T23:42:24
CUS000198,Ava,Martin,1982-02-07,ava.martin198@example.com,Cleveland,OH,Midwest,135000,EMPLOYED,2026-05-10T08:54:56,2026-08-21T08:54:56
CUS000199,Noah,Johnson,1992-04-15,noah.johnson199@example.com,Worcester,MA,Northeast,110000,EMPLOYED,2026-05-11T16:54:35,2026-06-06T16:54:35
CUS000200,Lucas,Anderson,1990-10-09,lucas.anderson200@example.com,Grand Rapids,MI,Midwest,210000,EMPLOYED,2025-05-14T13:29:27,2025-07-18T13:29:27
CUS000201,Ethan,Jackson,1995-05-03,ethan.jackson201@example.com,Jersey City,NJ,Northeast,42000,EMPLOYED,2025-09-11T05:07:45,2025-09-23T05:07:45
CUS000202,Harper,White,1969-04-30,harper.white202@example.com,Los Angeles,CA,West,110000,EMPLOYED,2025-12-02T21:01:58,2026-03-04T21:01:58
CUS000203,Sophia,Martin,1999-09-30,sophia.martin203@example.com,Tucson,AZ,West,52000,RETIRED,2025-11-12T18:06:31,2025-11-14T18:06:31
CUS000204,Benjamin,Jackson,1986-08-29,benjamin.jackson204@example.com,Dallas,TX,South,160000,EMPLOYED,2025-02-19T01:50:24,2025-03-27T01:50:24
CUS000205,Charlotte,Martinez,1964-08-23,charlotte.martinez205@example.com,Phoenix,AZ,West,92000,SELF_EMPLOYED,2026-03-18T04:52:35,2026-07-08T04:52:35
CUS000206,Harper,Taylor,1959-08-04,harper.taylor206@example.com,Buffalo,NY,Northeast,92000,EMPLOYED,2025-07-19T13:11:56,2025-09-27T13:11:56
CUS000207,Benjamin,Jackson,1965-08-29,benjamin.jackson207@example.com,Tucson,AZ,West,110000,SELF_EMPLOYED,2025-05-12T03:31:12,2025-07-01T03:31:12
CUS000208,Lucas,Perez,1972-11-09,lucas.perez208@example.com,Atlanta,GA,South,42000,EMPLOYED,2026-02-16T18:12:26,2026-02-21T18:12:26
CUS000209,Lucas,Martin,1968-05-12,lucas.martin209@example.com,Tucson,AZ,West,110000,EMPLOYED,2025-05-24T11:56:27,2025-09-20T11:56:27
CUS000210,Camila,Martinez,2000-07-06,camila.martinez210@example.com,Springfield,IL,Midwest,160000,SELF_EMPLOYED,2026-05-17T20:29:43,2026-06-24T20:29:43
CUS000211,Amelia,Anderson,1992-05-15,amelia.anderson211@example.com,Columbus,OH,Midwest,160000,EMPLOYED,2025-11-12T22:54:38,2025-11-15T22:54:38
CUS000212,Henry,Thompson,1959-08-10,henry.thompson212@example.com,Houston,TX,South,135000,EMPLOYED,2026-05-07T06:12:29,2026-07-13T06:12:29
CUS000213,Ethan,Johnson,1972-02-12,ethan.johnson213@example.com,Chicago,IL,Midwest,135000,EMPLOYED,2025-01-20T16:03:27,2025-03-01T16:03:27
CUS000214,Mason,Moore,1960-08-02,mason.moore214@example.com,Tucson,AZ,West,210000,EMPLOYED,2025-05-22T18:53:04,2025-06-17T18:53:04
CUS000215,Charlotte,Lee,1970-07-15,charlotte.lee215@example.com,San Diego,CA,West,210000,EMPLOYED,2026-04-16T19:24:38,2026-05-29T19:24:38
CUS000216,Mia,White,1977-02-11,mia.white216@example.com,Seattle,WA,West,78000,RETIRED,2025-10-13T20:19:09,2025-11-20T20:19:09
CUS000217,Isabella,Martinez,1998-11-14,isabella.martinez217@example.com,Detroit,MI,Midwest,210000,RETIRED,2025-11-21T17:28:08,2026-01-04T17:28:08
CUS000218,Mia,Martinez,1990-05-25,mia.martinez218@example.com,Jersey City,NJ,Northeast,42000,EMPLOYED,2025-12-20T05:19:58,2026-01-26T05:19:58
CUS000219,Noah,Taylor,1997-12-24,noah.taylor219@example.com,Tacoma,WA,West,210000,EMPLOYED,2025-08-08T07:21:25,2025-11-21T07:21:25
CUS000220,Evelyn,Wilson,1976-06-19,evelyn.wilson220@example.com,Boston,MA,Northeast,210000,EMPLOYED,2025-09-06T01:50:53,2025-11-30T01:50:53
CUS000221,Ethan,Johnson,1984-08-19,ethan.johnson221@example.com,Jersey City,NJ,Northeast,65000,EMPLOYED,2026-04-29T03:39:38,2026-07-25T03:39:38
CUS000222,Evelyn,Garcia,1997-09-04,evelyn.garcia222@example.com,San Francisco,CA,West,92000,EMPLOYED,2026-05-04T23:41:07,2026-05-29T23:41:07
CUS000223,Liam,Williams,2003-01-04,liam.williams223@example.com,Columbus,OH,Midwest,65000,RETIRED,2025-02-08T06:22:26,2025-04-02T06:22:26
CUS000224,Liam,Thomas,1980-12-20,liam.thomas224@example.com,Seattle,WA,West,52000,RETIRED,2025-02-08T00:20:14,2025-03-18T00:20:14
CUS000225,Lucas,Martinez,1967-01-15,lucas.martinez225@example.com,Tacoma,WA,West,78000,SELF_EMPLOYED,2026-06-01T17:02:24,2026-07-05T17:02:24
CUS000226,Lucas,Garcia,1978-01-30,lucas.garcia226@example.com,Grand Rapids,MI,Midwest,110000,SELF_EMPLOYED,2025-07-10T00:30:46,2025-10-12T00:30:46
CUS000227,Henry,Miller,1993-05-15,henry.miller227@example.com,Worcester,MA,Northeast,52000,EMPLOYED,2025-12-02T03:09:28,2026-01-22T03:09:28
CUS000228,Olivia,Martin,1955-08-12,olivia.martin228@example.com,Atlanta,GA,South,160000,SELF_EMPLOYED,2025-09-25T13:57:55,2025-10-25T13:57:55
CUS000229,Lucas,Martinez,1978-06-19,lucas.martinez229@example.com,Chicago,IL,Midwest,52000,EMPLOYED,2026-01-04T08:36:12,2026-01-11T08:36:12
CUS000230,Sophia,Thomas,1965-07-14,sophia.thomas230@example.com,Cleveland,OH,Midwest,78000,EMPLOYED,2025-10-30T13:22:54,2026-01-16T13:22:54
CUS000231,Olivia,Martin,1988-07-08,olivia.martin231@example.com,Worcester,MA,Northeast,160000,SELF_EMPLOYED,2026-03-02T19:59:49,2026-06-26T19:59:49
CUS000232,Mason,Davis,2002-02-22,mason.davis232@example.com,Columbus,OH,Midwest,110000,EMPLOYED,2026-04-03T19:13:48,2026-07-02T19:13:48
CUS000233,Henry,Brown,2003-02-23,henry.brown233@example.com,New York,NY,Northeast,210000,EMPLOYED,2025-06-03T05:59:26,2025-07-14T05:59:26
CUS000234,Mason,Thompson,2000-10-14,mason.thompson234@example.com,Seattle,WA,West,65000,EMPLOYED,2026-04-02T02:01:32,2026-05-30T02:01:32
CUS000235,James,Thompson,1982-08-25,james.thompson235@example.com,Buffalo,NY,Northeast,42000,SELF_EMPLOYED,2025-01-23T14:24:57,2025-02-24T14:24:57
CUS000236,Henry,Williams,1985-11-28,henry.williams236@example.com,Buffalo,NY,Northeast,52000,RETIRED,2025-03-07T19:42:11,2025-03-14T19:42:11
CUS000237,Charlotte,Johnson,1971-02-23,charlotte.johnson237@example.com,Orlando,FL,South,135000,EMPLOYED,2025-05-19T23:21:25,2025-08-20T23:21:25
CUS000238,Harper,Jackson,1962-03-14,harper.jackson238@example.com,San Diego,CA,West,110000,EMPLOYED,2025-05-17T23:47:40,2025-09-04T23:47:40
CUS000239,Evelyn,Thomas,1974-12-24,evelyn.thomas239@example.com,Phoenix,AZ,West,160000,EMPLOYED,2025-01-04T00:49:39,2025-02-11T00:49:39
CUS000240,Evelyn,Moore,1975-08-09,evelyn.moore240@example.com,Tucson,AZ,West,65000,EMPLOYED,2025-09-11T16:46:15,2025-10-25T16:46:15
CUS000241,Emma,Johnson,1956-05-27,emma.johnson241@example.com,Cleveland,OH,Midwest,52000,EMPLOYED,2025-09-04T07:30:11,2025-09-12T07:30:11
CUS000242,James,White,1976-12-15,james.white242@example.com,Columbus,OH,Midwest,78000,EMPLOYED,2025-02-15T14:38:45,2025-04-12T14:38:45
CUS000243,Liam,Jones,1976-01-04,liam.jones243@example.com,Tucson,AZ,West,110000,EMPLOYED,2025-11-23T21:01:30,2026-02-07T21:01:30
CUS000244,Olivia,Lee,1981-12-16,olivia.lee244@example.com,Austin,TX,South,65000,EMPLOYED,2025-10-09T02:13:09,2025-12-19T02:13:09
CUS000245,Elijah,Perez,1985-11-24,elijah.perez245@example.com,Seattle,WA,West,135000,EMPLOYED,2026-01-26T19:05:42,2026-03-07T19:05:42
CUS000246,Isabella,Thomas,1976-08-14,isabella.thomas246@example.com,Worcester,MA,Northeast,65000,SELF_EMPLOYED,2025-08-19T10:56:58,2025-12-06T10:56:58
CUS000247,Liam,Perez,2004-12-30,liam.perez247@example.com,San Diego,CA,West,92000,EMPLOYED,2025-05-18T14:08:30,2025-06-18T14:08:30
CUS000248,Noah,Jackson,2003-01-20,noah.jackson248@example.com,Atlanta,GA,South,135000,EMPLOYED,2025-07-15T01:52:35,2025-08-18T01:52:35
CUS000249,Camila,Johnson,1974-06-21,camila.johnson249@example.com,Newark,NJ,Northeast,110000,EMPLOYED,2026-05-06T07:36:19,2026-08-25T07:36:19
CUS000250,Ava,Miller,1965-07-11,ava.miller250@example.com,Houston,TX,South,78000,EMPLOYED,2026-05-06T08:49:57,2026-08-03T08:49:57
CUS000251,Ethan,Perez,1989-02-24,ethan.perez251@example.com,Savannah,GA,South,110000,EMPLOYED,2026-04-23T19:25:46,2026-07-15T19:25:46
CUS000252,Amelia,Lee,1963-11-06,amelia.lee252@example.com,Tacoma,WA,West,78000,EMPLOYED,2026-04-26T11:39:33,2026-08-21T11:39:33
CUS000253,Elijah,Johnson,1968-02-03,elijah.johnson253@example.com,Chicago,IL,Midwest,135000,EMPLOYED,2025-01-17T09:29:40,2025-03-28T09:29:40
CUS000254,Mason,Anderson,1977-01-17,mason.anderson254@example.com,Austin,TX,South,110000,EMPLOYED,2026-05-27T20:02:53,2026-08-18T20:02:53
CUS000255,Charlotte,Martin,1986-08-06,charlotte.martin255@example.com,Seattle,WA,West,210000,EMPLOYED,2025-06-23T05:05:44,2025-09-23T05:05:44
CUS000256,Evelyn,Johnson,1961-09-01,evelyn.johnson256@example.com,Phoenix,AZ,West,65000,SELF_EMPLOYED,2025-02-19T00:13:56,2025-04-12T00:13:56
CUS000257,Ethan,Williams,1955-10-27,ethan.williams257@example.com,Detroit,MI,Midwest,110000,EMPLOYED,2025-08-12T18:24:47,2025-10-09T18:24:47
CUS000258,Camila,Martin,1956-05-30,camila.martin258@example.com,Cleveland,OH,Midwest,135000,EMPLOYED,2025-01-07T19:22:38,2025-03-18T19:22:38
CUS000259,Benjamin,Wilson,1956-07-15,benjamin.wilson259@example.com,Tucson,AZ,West,65000,EMPLOYED,2026-05-30T15:40:36,2026-09-10T15:40:36
CUS000260,Emma,Lee,1972-03-21,emma.lee260@example.com,Boston,MA,Northeast,135000,EMPLOYED,2025-09-16T12:54:17,2025-10-20T12:54:17
CUS000261,Harper,Jackson,1975-04-06,harper.jackson261@example.com,Chicago,IL,Midwest,42000,EMPLOYED,2025-11-04T02:56:06,2026-01-26T02:56:06
CUS000262,Harper,Thomas,1960-01-13,harper.thomas262@example.com,Tucson,AZ,West,160000,SELF_EMPLOYED,2025-01-10T06:14:23,2025-01-20T06:14:23
CUS000263,Lucas,Thompson,1975-08-12,lucas.thompson263@example.com,Newark,NJ,Northeast,92000,EMPLOYED,2025-08-05T20:38:09,2025-10-04T20:38:09
CUS000264,Noah,Wilson,1971-02-03,noah.wilson264@example.com,Phoenix,AZ,West,65000,SELF_EMPLOYED,2025-11-19T00:34:12,2025-12-15T00:34:12
CUS000265,Harper,Williams,1976-07-28,harper.williams265@example.com,Miami,FL,South,135000,SELF_EMPLOYED,2026-02-03T19:40:52,2026-03-17T19:40:52
CUS000266,Olivia,Williams,1959-10-26,olivia.williams266@example.com,Tucson,AZ,West,52000,EMPLOYED,2025-04-11T15:54:50,2025-05-10T15:54:50
CUS000267,Camila,White,1957-08-28,camila.white267@example.com,San Diego,CA,West,78000,EMPLOYED,2025-10-07T16:24:14,2025-12-08T16:24:14
CUS000268,Harper,Moore,1962-09-09,harper.moore268@example.com,Worcester,MA,Northeast,52000,EMPLOYED,2025-10-30T08:58:22,2026-01-29T08:58:22
CUS000269,Olivia,Thomas,1989-12-15,olivia.thomas269@example.com,Detroit,MI,Midwest,52000,EMPLOYED,2025-11-21T13:07:57,2025-12-04T13:07:57
CUS000270,Isabella,Jackson,1964-03-03,isabella.jackson270@example.com,Savannah,GA,South,135000,EMPLOYED,2025-05-16T03:10:42,2025-06-08T03:10:42
CUS000271,Evelyn,Lee,1957-05-10,evelyn.lee271@example.com,Los Angeles,CA,West,52000,EMPLOYED,2025-04-02T12:53:08,2025-06-11T12:53:08
CUS000272,Lucas,Thomas,1992-02-15,lucas.thomas272@example.com,Buffalo,NY,Northeast,210000,RETIRED,2026-02-02T03:05:01,2026-05-05T03:05:01
CUS000273,Ethan,Thompson,1989-02-26,ethan.thompson273@example.com,Phoenix,AZ,West,92000,EMPLOYED,2025-06-23T05:03:18,2025-07-27T05:03:18
CUS000274,Olivia,Williams,1979-10-04,olivia.williams274@example.com,Worcester,MA,Northeast,52000,EMPLOYED,2026-03-08T10:54:49,2026-05-08T10:54:49
CUS000275,Ethan,Martin,1996-01-29,ethan.martin275@example.com,Chicago,IL,Midwest,42000,RETIRED,2025-04-20T04:55:58,2025-05-28T04:55:58
CUS000276,Lucas,White,1994-06-30,lucas.white276@example.com,San Diego,CA,West,65000,EMPLOYED,2025-12-09T15:40:41,2026-03-23T15:40:41
CUS000277,Camila,Miller,1970-12-08,camila.miller277@example.com,Tacoma,WA,West,160000,RETIRED,2026-02-12T11:37:10,2026-03-21T11:37:10
CUS000278,Ethan,Anderson,1990-04-02,ethan.anderson278@example.com,San Diego,CA,West,78000,EMPLOYED,2026-01-09T04:08:47,2026-05-08T04:08:47
CUS000279,Evelyn,Garcia,1996-05-31,evelyn.garcia279@example.com,Columbus,OH,Midwest,92000,SELF_EMPLOYED,2025-08-03T15:57:49,2025-11-13T15:57:49
CUS000280,Noah,Moore,1967-06-27,noah.moore280@example.com,Cleveland,OH,Midwest,65000,SELF_EMPLOYED,2025-11-07T08:48:42,2025-12-09T08:48:42
CUS000281,Harper,Williams,1990-12-16,harper.williams281@example.com,Tacoma,WA,West,42000,SELF_EMPLOYED,2026-06-03T15:13:47,2026-08-11T15:13:47
CUS000282,Amelia,Perez,1964-10-23,amelia.perez282@example.com,Chicago,IL,Midwest,110000,EMPLOYED,2025-09-12T23:56:33,2025-12-06T23:56:33
CUS000283,Camila,Johnson,1984-09-30,camila.johnson283@example.com,Springfield,IL,Midwest,52000,EMPLOYED,2026-03-17T03:51:26,2026-03-18T03:51:26
CUS000284,Benjamin,Lee,1994-12-29,benjamin.lee284@example.com,Phoenix,AZ,West,210000,EMPLOYED,2026-01-19T14:14:26,2026-03-19T14:14:26
CUS000285,Ava,Martin,1992-04-26,ava.martin285@example.com,Jersey City,NJ,Northeast,65000,EMPLOYED,2025-03-29T04:13:33,2025-07-13T04:13:33
CUS000286,Lucas,Jackson,1998-04-29,lucas.jackson286@example.com,Houston,TX,South,160000,SELF_EMPLOYED,2025-12-23T17:20:11,2026-01-04T17:20:11
CUS000287,James,Anderson,1959-01-04,james.anderson287@example.com,Jersey City,NJ,Northeast,110000,EMPLOYED,2025-04-28T00:49:20,2025-08-14T00:49:20
CUS000288,Sophia,Davis,2004-07-06,sophia.davis288@example.com,Phoenix,AZ,West,135000,RETIRED,2025-06-13T12:03:03,2025-08-23T12:03:03
CUS000289,Ethan,Thomas,1971-09-21,ethan.thomas289@example.com,Columbus,OH,Midwest,78000,EMPLOYED,2026-03-19T14:24:09,2026-03-22T14:24:09
CUS000290,Elijah,Thomas,1973-06-18,elijah.thomas290@example.com,New York,NY,Northeast,52000,SELF_EMPLOYED,2025-10-13T02:16:40,2025-12-25T02:16:40
CUS000291,Evelyn,Garcia,1972-09-05,evelyn.garcia291@example.com,Savannah,GA,South,160000,EMPLOYED,2026-04-14T04:08:56,2026-05-17T04:08:56
CUS000292,Lucas,White,1990-03-20,lucas.white292@example.com,San Francisco,CA,West,160000,EMPLOYED,2025-04-27T12:40:03,2025-06-11T12:40:03
CUS000293,Isabella,White,1967-01-07,isabella.white293@example.com,Chicago,IL,Midwest,92000,EMPLOYED,2025-11-17T04:17:28,2025-12-17T04:17:28
CUS000294,Amelia,Jones,1992-07-09,amelia.jones294@example.com,Tucson,AZ,West,135000,EMPLOYED,2025-05-22T20:55:40,2025-07-10T20:55:40
CUS000295,Evelyn,Garcia,1998-12-05,evelyn.garcia295@example.com,Phoenix,AZ,West,110000,SELF_EMPLOYED,2025-10-23T05:06:28,2025-11-15T05:06:28
CUS000296,Camila,Johnson,1998-06-23,camila.johnson296@example.com,Atlanta,GA,South,135000,RETIRED,2025-05-20T07:06:15,2025-09-01T07:06:15
CUS000297,Benjamin,Martin,1999-02-11,benjamin.martin297@example.com,San Francisco,CA,West,65000,EMPLOYED,2026-03-02T16:09:36,2026-05-03T16:09:36
CUS000298,Ava,Davis,1979-08-29,ava.davis298@example.com,Miami,FL,South,65000,SELF_EMPLOYED,2025-08-19T19:34:25,2025-09-24T19:34:25
CUS000299,Henry,Martin,1965-03-31,henry.martin299@example.com,Phoenix,AZ,West,110000,EMPLOYED,2025-10-02T19:46:26,2026-01-15T19:46:26
CUS000300,Liam,Jackson,1993-02-21,liam.jackson300@example.com,Phoenix,AZ,West,78000,EMPLOYED,2025-04-15T23:47:58,2025-07-20T23:47:58
CUS000301,Liam,Jackson,1962-10-21,liam.jackson301@example.com,Orlando,FL,South,78000,EMPLOYED,2026-03-26T04:16:26,2026-07-03T04:16:26
CUS000302,Henry,Taylor,1969-11-21,henry.taylor302@example.com,Grand Rapids,MI,Midwest,78000,SELF_EMPLOYED,2025-05-23T07:31:22,2025-09-04T07:31:22
CUS000303,Henry,Taylor,2003-05-03,henry.taylor303@example.com,Tucson,AZ,West,92000,EMPLOYED,2025-06-22T11:47:01,2025-09-20T11:47:01
CUS000304,Mia,Lee,1967-03-01,mia.lee304@example.com,Columbus,OH,Midwest,65000,SELF_EMPLOYED,2026-02-26T02:09:30,2026-04-02T02:09:30
CUS000305,Olivia,Davis,1977-03-17,olivia.davis305@example.com,Worcester,MA,Northeast,92000,EMPLOYED,2026-02-07T17:49:14,2026-02-25T17:49:14
CUS000306,Harper,Jackson,1991-02-21,harper.jackson306@example.com,Newark,NJ,Northeast,160000,EMPLOYED,2025-10-12T13:26:14,2025-12-09T13:26:14
CUS000307,Ava,Williams,1987-02-20,ava.williams307@example.com,Grand Rapids,MI,Midwest,78000,RETIRED,2025-03-06T19:27:28,2025-04-25T19:27:28
CUS000308,Mason,Martin,1980-06-10,mason.martin308@example.com,Orlando,FL,South,65000,EMPLOYED,2025-12-12T19:55:37,2026-02-23T19:55:37
CUS000309,Charlotte,Anderson,1959-02-14,charlotte.anderson309@example.com,Columbus,OH,Midwest,160000,EMPLOYED,2025-04-12T22:47:54,2025-07-21T22:47:54
CUS000310,Sophia,Jackson,1993-05-19,sophia.jackson310@example.com,Seattle,WA,West,92000,EMPLOYED,2025-07-27T04:48:10,2025-11-16T04:48:10
CUS000311,Mia,Williams,1977-06-18,mia.williams311@example.com,Cleveland,OH,Midwest,65000,EMPLOYED,2025-03-26T13:32:18,2025-06-19T13:32:18
CUS000312,Isabella,Davis,1963-03-08,isabella.davis312@example.com,San Francisco,CA,West,160000,EMPLOYED,2025-04-08T00:02:22,2025-05-05T00:02:22
CUS000313,Henry,Davis,1955-11-01,henry.davis313@example.com,Tucson,AZ,West,52000,RETIRED,2025-01-09T12:30:32,2025-04-23T12:30:32
CUS000314,Elijah,Jones,1975-07-17,elijah.jones314@example.com,Seattle,WA,West,52000,EMPLOYED,2026-01-28T03:15:08,2026-05-01T03:15:08
CUS000315,Amelia,Martinez,1966-12-11,amelia.martinez315@example.com,Worcester,MA,Northeast,42000,EMPLOYED,2025-05-27T02:29:26,2025-08-02T02:29:26
CUS000316,Sophia,Jackson,1968-07-31,sophia.jackson316@example.com,Atlanta,GA,South,160000,STUDENT,2026-02-26T22:25:50,2026-05-24T22:25:50
CUS000317,Noah,Brown,1989-06-14,noah.brown317@example.com,Boston,MA,Northeast,65000,EMPLOYED,2025-12-26T15:38:00,2026-02-04T15:38:00
CUS000318,Noah,Davis,1957-05-28,noah.davis318@example.com,Tucson,AZ,West,210000,EMPLOYED,2025-11-05T07:28:48,2026-01-10T07:28:48
CUS000319,Harper,Martinez,1976-06-21,harper.martinez319@example.com,Columbus,OH,Midwest,78000,EMPLOYED,2026-05-22T14:02:58,2026-06-05T14:02:58
CUS000320,Camila,Williams,1987-05-25,camila.williams320@example.com,Phoenix,AZ,West,135000,EMPLOYED,2025-11-21T04:48:19,2026-01-09T04:48:19
CUS000321,Sophia,Martin,1961-01-21,sophia.martin321@example.com,Newark,NJ,Northeast,42000,RETIRED,2025-01-15T09:32:45,2025-02-11T09:32:45
CUS000322,Harper,Lee,1992-12-31,harper.lee322@example.com,Orlando,FL,South,210000,EMPLOYED,2026-02-16T03:00:03,2026-05-08T03:00:03
CUS000323,Olivia,Wilson,1962-02-02,olivia.wilson323@example.com,Jersey City,NJ,Northeast,110000,EMPLOYED,2025-07-28T05:39:25,2025-10-04T05:39:25
CUS000324,Noah,Martinez,1976-05-29,noah.martinez324@example.com,Grand Rapids,MI,Midwest,135000,EMPLOYED,2025-03-01T08:54:04,2025-03-12T08:54:04
CUS000325,Camila,White,1970-10-04,camila.white325@example.com,Buffalo,NY,Northeast,65000,SELF_EMPLOYED,2025-05-03T00:27:40,2025-08-01T00:27:40
CUS000326,Sophia,Martin,1969-12-24,sophia.martin326@example.com,Savannah,GA,South,92000,SELF_EMPLOYED,2026-01-16T04:37:17,2026-04-21T04:37:17
CUS000327,Emma,Smith,1979-05-27,emma.smith327@example.com,Savannah,GA,South,52000,EMPLOYED,2025-03-07T09:34:25,2025-06-06T09:34:25
CUS000328,Benjamin,Taylor,1969-12-21,benjamin.taylor328@example.com,Buffalo,NY,Northeast,52000,STUDENT,2026-01-12T05:43:38,2026-02-13T05:43:38
CUS000329,Emma,Davis,1958-12-14,emma.davis329@example.com,Detroit,MI,Midwest,160000,EMPLOYED,2025-01-13T08:54:13,2025-01-18T08:54:13
CUS000330,Olivia,Garcia,1975-02-21,olivia.garcia330@example.com,Buffalo,NY,Northeast,110000,EMPLOYED,2025-11-26T09:02:20,2026-01-18T09:02:20
CUS000331,Noah,Thompson,2000-01-15,noah.thompson331@example.com,Atlanta,GA,South,210000,RETIRED,2025-02-23T06:31:47,2025-03-23T06:31:47
CUS000332,Harper,Williams,1982-11-15,harper.williams332@example.com,Tacoma,WA,West,160000,EMPLOYED,2025-12-02T03:08:42,2026-02-10T03:08:42
CUS000333,Mason,Martinez,1976-10-05,mason.martinez333@example.com,Springfield,IL,Midwest,160000,RETIRED,2026-04-21T13:24:30,2026-07-05T13:24:30
CUS000334,Mason,Perez,1955-07-28,mason.perez334@example.com,Dallas,TX,South,210000,EMPLOYED,2026-02-24T00:52:13,2026-03-25T00:52:13
CUS000335,Ava,Anderson,1982-08-03,ava.anderson335@example.com,Buffalo,NY,Northeast,78000,EMPLOYED,2025-04-17T07:28:15,2025-06-23T07:28:15
CUS000336,Liam,Jones,1963-05-07,liam.jones336@example.com,Grand Rapids,MI,Midwest,210000,EMPLOYED,2025-02-14T08:25:39,2025-06-08T08:25:39
CUS000337,Amelia,Jackson,1963-07-29,amelia.jackson337@example.com,Detroit,MI,Midwest,135000,EMPLOYED,2026-06-02T04:51:39,2026-08-22T04:51:39
CUS000338,Henry,Johnson,1966-09-23,henry.johnson338@example.com,San Francisco,CA,West,110000,RETIRED,2025-08-31T10:37:10,2025-10-03T10:37:10
CUS000339,Harper,Anderson,1979-05-26,harper.anderson339@example.com,Savannah,GA,South,78000,EMPLOYED,2025-08-28T02:43:09,2025-12-26T02:43:09
CUS000340,Henry,Brown,1969-09-30,henry.brown340@example.com,Boston,MA,Northeast,135000,EMPLOYED,2026-04-06T16:58:06,2026-05-16T16:58:06
CUS000341,Amelia,Miller,1996-07-26,amelia.miller341@example.com,Tacoma,WA,West,65000,SELF_EMPLOYED,2025-09-29T04:21:57,2025-10-10T04:21:57
CUS000342,Isabella,White,1984-05-29,isabella.white342@example.com,New York,NY,Northeast,78000,RETIRED,2025-06-01T03:19:15,2025-08-31T03:19:15
CUS000343,Harper,Lee,1978-05-05,harper.lee343@example.com,Buffalo,NY,Northeast,160000,EMPLOYED,2025-06-28T01:07:53,2025-08-18T01:07:53
CUS000344,Evelyn,Davis,1964-02-22,evelyn.davis344@example.com,Jersey City,NJ,Northeast,42000,SELF_EMPLOYED,2025-05-24T04:25:19,2025-05-25T04:25:19
CUS000345,Ethan,Jones,1988-05-24,ethan.jones345@example.com,Austin,TX,South,92000,RETIRED,2025-03-28T21:12:06,2025-06-11T21:12:06
CUS000346,Noah,Smith,1994-10-13,noah.smith346@example.com,Newark,NJ,Northeast,110000,EMPLOYED,2025-05-12T03:20:55,2025-09-04T03:20:55
CUS000347,James,Johnson,1990-06-09,james.johnson347@example.com,Worcester,MA,Northeast,135000,EMPLOYED,2026-05-24T01:04:24,2026-07-11T01:04:24
CUS000348,Mason,Garcia,1995-01-05,mason.garcia348@example.com,Orlando,FL,South,78000,EMPLOYED,2025-06-02T01:15:41,2025-08-19T01:15:41
CUS000349,Charlotte,Moore,1960-06-21,charlotte.moore349@example.com,Tucson,AZ,West,65000,EMPLOYED,2025-03-31T10:11:10,2025-05-19T10:11:10
CUS000350,Benjamin,Davis,1989-04-25,benjamin.davis350@example.com,Columbus,OH,Midwest,160000,EMPLOYED,2026-01-03T17:27:53,2026-03-13T17:27:53
CUS000351,Henry,Lee,1979-04-06,henry.lee351@example.com,Savannah,GA,South,78000,EMPLOYED,2025-07-04T00:56:56,2025-08-13T00:56:56
CUS000352,Mia,Johnson,1975-11-19,mia.johnson352@example.com,Tacoma,WA,West,78000,EMPLOYED,2025-06-13T03:38:44,2025-07-14T03:38:44
CUS000353,Liam,Davis,1986-10-31,liam.davis353@example.com,Springfield,IL,Midwest,110000,SELF_EMPLOYED,2025-06-27T06:24:41,2025-07-27T06:24:41
CUS000354,Amelia,Thompson,1967-10-01,amelia.thompson354@example.com,Buffalo,NY,Northeast,92000,EMPLOYED,2025-07-12T17:55:17,2025-09-19T17:55:17
CUS000355,Liam,Williams,1974-08-18,liam.williams355@example.com,New York,NY,Northeast,42000,EMPLOYED,2025-01-21T19:10:02,2025-03-23T19:10:02
CUS000356,Camila,Miller,1970-12-03,camila.miller356@example.com,Worcester,MA,Northeast,65000,EMPLOYED,2025-11-28T02:10:06,2025-11-30T02:10:06
CUS000357,Olivia,Brown,1961-07-04,olivia.brown357@example.com,Tucson,AZ,West,52000,EMPLOYED,2026-01-18T14:24:11,2026-04-03T14:24:11
CUS000358,Lucas,Jones,1998-09-16,lucas.jones358@example.com,Worcester,MA,Northeast,210000,EMPLOYED,2025-11-21T06:20:33,2026-02-19T06:20:33
CUS000359,Camila,Taylor,1970-09-24,camila.taylor359@example.com,Houston,TX,South,92000,EMPLOYED,2026-01-23T11:10:15,2026-04-26T11:10:15
CUS000360,Ava,Thompson,1957-11-27,ava.thompson360@example.com,San Francisco,CA,West,78000,EMPLOYED,2025-07-06T21:55:56,2025-08-15T21:55:56
CUS000361,Emma,Martin,1961-12-24,emma.martin361@example.com,Worcester,MA,Northeast,65000,EMPLOYED,2025-09-01T12:37:37,2025-10-11T12:37:37
CUS000362,Noah,Anderson,1978-10-17,noah.anderson362@example.com,Seattle,WA,West,52000,EMPLOYED,2025-08-03T09:05:07,2025-10-30T09:05:07
CUS000363,Emma,Smith,1994-04-25,emma.smith363@example.com,Buffalo,NY,Northeast,135000,EMPLOYED,2026-03-06T06:03:22,2026-06-27T06:03:22
CUS000364,Harper,Taylor,1964-02-06,harper.taylor364@example.com,Tucson,AZ,West,78000,EMPLOYED,2026-05-06T21:02:46,2026-07-28T21:02:46
CUS000365,Noah,Johnson,1983-08-05,noah.johnson365@example.com,Miami,FL,South,110000,EMPLOYED,2025-09-25T03:48:46,2025-10-04T03:48:46
CUS000366,Harper,Garcia,2004-01-29,harper.garcia366@example.com,Detroit,MI,Midwest,160000,SELF_EMPLOYED,2025-04-06T12:18:15,2025-06-21T12:18:15
CUS000367,Elijah,Garcia,1969-02-03,elijah.garcia367@example.com,Springfield,IL,Midwest,78000,RETIRED,2025-02-24T03:41:12,2025-04-07T03:41:12
CUS000368,Elijah,Perez,1980-04-03,elijah.perez368@example.com,Grand Rapids,MI,Midwest,42000,EMPLOYED,2025-11-01T08:38:55,2025-11-13T08:38:55
CUS000369,Evelyn,Martin,1987-05-16,evelyn.martin369@example.com,Boston,MA,Northeast,92000,SELF_EMPLOYED,2025-01-04T15:34:07,2025-01-15T15:34:07
CUS000370,Camila,Martin,1957-04-23,camila.martin370@example.com,Dallas,TX,South,92000,RETIRED,2025-07-31T06:13:11,2025-10-20T06:13:11
CUS000371,Charlotte,Brown,1997-04-01,charlotte.brown371@example.com,Orlando,FL,South,210000,EMPLOYED,2026-05-16T09:38:54,2026-05-27T09:38:54
CUS000372,Amelia,Thomas,1994-12-29,amelia.thomas372@example.com,Atlanta,GA,South,160000,EMPLOYED,2025-02-15T09:35:10,2025-04-12T09:35:10
CUS000373,Mia,Thompson,1963-09-04,mia.thompson373@example.com,New York,NY,Northeast,210000,EMPLOYED,2025-03-29T12:31:01,2025-07-10T12:31:01
CUS000374,Henry,Davis,1989-09-23,henry.davis374@example.com,Phoenix,AZ,West,160000,EMPLOYED,2026-03-05T19:29:50,2026-05-31T19:29:50
CUS000375,Ethan,Martin,1990-06-02,ethan.martin375@example.com,Miami,FL,South,210000,SELF_EMPLOYED,2025-02-05T18:16:51,2025-04-19T18:16:51
CUS000376,Camila,Jones,1970-07-05,camila.jones376@example.com,Jersey City,NJ,Northeast,78000,EMPLOYED,2025-06-21T07:42:52,2025-10-02T07:42:52
CUS000377,Elijah,Williams,1973-02-11,elijah.williams377@example.com,Cleveland,OH,Midwest,110000,RETIRED,2025-06-01T21:39:54,2025-07-04T21:39:54
CUS000378,Noah,Williams,1990-08-25,noah.williams378@example.com,San Francisco,CA,West,160000,RETIRED,2025-11-30T10:03:22,2026-02-04T10:03:22
CUS000379,Ava,White,1965-02-04,ava.white379@example.com,Springfield,IL,Midwest,52000,RETIRED,2026-03-01T05:26:53,2026-03-19T05:26:53
CUS000380,Henry,Brown,1991-11-12,henry.brown380@example.com,Orlando,FL,South,160000,EMPLOYED,2025-09-28T13:56:46,2025-12-20T13:56:46
CUS000381,Charlotte,Johnson,1991-02-25,charlotte.johnson381@example.com,Worcester,MA,Northeast,135000,EMPLOYED,2025-05-28T22:30:34,2025-08-13T22:30:34
CUS000382,Lucas,Davis,1979-02-04,lucas.davis382@example.com,Buffalo,NY,Northeast,92000,EMPLOYED,2026-01-17T00:44:11,2026-03-01T00:44:11
CUS000383,Charlotte,Brown,1981-12-16,charlotte.brown383@example.com,Dallas,TX,South,135000,EMPLOYED,2026-03-30T11:40:56,2026-05-03T11:40:56
CUS000384,Noah,Miller,1991-07-13,noah.miller384@example.com,Seattle,WA,West,110000,SELF_EMPLOYED,2026-05-12T18:48:18,2026-08-31T18:48:18
CUS000385,Benjamin,Garcia,2000-06-19,benjamin.garcia385@example.com,Jersey City,NJ,Northeast,210000,STUDENT,2026-02-18T04:56:19,2026-05-28T04:56:19
CUS000386,Ava,Garcia,1960-03-03,ava.garcia386@example.com,Dallas,TX,South,42000,RETIRED,2025-09-13T01:12:14,2025-11-10T01:12:14
CUS000387,Mason,Wilson,2000-04-25,mason.wilson387@example.com,Savannah,GA,South,52000,EMPLOYED,2026-02-11T23:08:04,2026-06-09T23:08:04
CUS000388,Ethan,Taylor,1970-12-07,ethan.taylor388@example.com,Tacoma,WA,West,110000,EMPLOYED,2026-05-01T21:22:03,2026-07-10T21:22:03
CUS000389,Mia,Williams,1989-09-05,mia.williams389@example.com,Miami,FL,South,78000,STUDENT,2025-02-20T05:55:52,2025-06-09T05:55:52
CUS000390,Ethan,Miller,2001-01-18,ethan.miller390@example.com,Orlando,FL,South,65000,EMPLOYED,2025-01-21T00:19:26,2025-03-22T00:19:26
CUS000391,Camila,Smith,1982-05-28,camila.smith391@example.com,Austin,TX,South,135000,STUDENT,2025-10-09T15:25:49,2026-01-31T15:25:49
CUS000392,James,Wilson,1982-02-08,james.wilson392@example.com,Austin,TX,South,42000,EMPLOYED,2026-02-11T21:16:49,2026-02-24T21:16:49
CUS000393,Amelia,Perez,1981-10-11,amelia.perez393@example.com,Cleveland,OH,Midwest,110000,RETIRED,2025-04-21T17:32:22,2025-04-29T17:32:22
CUS000394,Lucas,Wilson,1971-11-25,lucas.wilson394@example.com,Orlando,FL,South,78000,STUDENT,2025-06-03T18:50:02,2025-09-08T18:50:02
CUS000395,Camila,Thomas,1967-07-22,camila.thomas395@example.com,Cleveland,OH,Midwest,92000,EMPLOYED,2025-01-27T23:51:44,2025-03-31T23:51:44
CUS000396,Elijah,Thomas,1958-03-03,elijah.thomas396@example.com,San Francisco,CA,West,78000,EMPLOYED,2025-07-14T12:29:39,2025-10-14T12:29:39
CUS000397,Charlotte,Taylor,1970-04-02,charlotte.taylor397@example.com,Tucson,AZ,West,160000,EMPLOYED,2025-07-05T10:41:46,2025-07-17T10:41:46
CUS000398,Mia,Perez,1963-01-05,mia.perez398@example.com,Worcester,MA,Northeast,92000,EMPLOYED,2025-08-16T12:56:07,2025-09-13T12:56:07
CUS000399,Lucas,Taylor,1996-08-09,lucas.taylor399@example.com,Orlando,FL,South,52000,EMPLOYED,2025-05-01T17:07:54,2025-05-07T17:07:54
CUS000400,Mason,Lee,2002-07-14,mason.lee400@example.com,Jersey City,NJ,Northeast,65000,EMPLOYED,2025-11-02T15:02:26,2025-11-08T15:02:26
CUS000401,Mason,Anderson,1996-01-19,mason.anderson401@example.com,San Francisco,CA,West,65000,SELF_EMPLOYED,2025-05-27T11:31:09,2025-09-14T11:31:09
CUS000402,Charlotte,Anderson,1983-02-12,charlotte.anderson402@example.com,Columbus,OH,Midwest,92000,EMPLOYED,2025-03-01T00:10:17,2025-04-27T00:10:17
CUS000403,Sophia,Thompson,1962-11-24,sophia.thompson403@example.com,Worcester,MA,Northeast,135000,EMPLOYED,2025-05-13T22:22:21,2025-07-07T22:22:21
CUS000404,Charlotte,Thomas,2002-11-20,charlotte.thomas404@example.com,New York,NY,Northeast,110000,SELF_EMPLOYED,2025-07-24T13:35:03,2025-07-25T13:35:03
CUS000405,Benjamin,Miller,1977-04-28,benjamin.miller405@example.com,New York,NY,Northeast,65000,EMPLOYED,2025-08-20T12:32:14,2025-09-28T12:32:14
CUS000406,Benjamin,Thompson,1960-11-09,benjamin.thompson406@example.com,Miami,FL,South,160000,SELF_EMPLOYED,2025-02-16T10:51:25,2025-03-25T10:51:25
CUS000407,Camila,Lee,1967-01-02,camila.lee407@example.com,Savannah,GA,South,78000,EMPLOYED,2025-12-17T17:50:48,2026-01-31T17:50:48
CUS000408,Harper,Smith,1966-10-09,harper.smith408@example.com,Dallas,TX,South,210000,EMPLOYED,2025-08-05T00:47:52,2025-10-19T00:47:52
CUS000409,Amelia,Johnson,1977-12-12,amelia.johnson409@example.com,San Francisco,CA,West,52000,EMPLOYED,2025-02-19T21:37:26,2025-02-25T21:37:26
CUS000410,Ava,Johnson,1992-05-22,ava.johnson410@example.com,Detroit,MI,Midwest,210000,EMPLOYED,2026-03-31T13:50:40,2026-04-15T13:50:40
CUS000411,Olivia,Miller,1982-01-05,olivia.miller411@example.com,Detroit,MI,Midwest,210000,EMPLOYED,2026-03-07T03:40:35,2026-05-30T03:40:35
CUS000412,Camila,Jones,2000-11-23,camila.jones412@example.com,Los Angeles,CA,West,52000,EMPLOYED,2025-05-01T10:17:34,2025-05-15T10:17:34
CUS000413,Camila,Miller,1987-02-10,camila.miller413@example.com,Miami,FL,South,42000,EMPLOYED,2026-02-24T10:45:12,2026-03-16T10:45:12
CUS000414,Mason,Martin,1955-03-31,mason.martin414@example.com,Atlanta,GA,South,52000,SELF_EMPLOYED,2025-01-14T03:14:25,2025-05-10T03:14:25
CUS000415,Charlotte,Jones,1964-02-02,charlotte.jones415@example.com,Newark,NJ,Northeast,160000,RETIRED,2025-09-20T23:27:34,2025-10-19T23:27:34
CUS000416,Isabella,Wilson,1963-12-15,isabella.wilson416@example.com,Seattle,WA,West,92000,EMPLOYED,2025-06-28T01:26:10,2025-10-15T01:26:10
CUS000417,Lucas,Moore,1963-07-10,lucas.moore417@example.com,Detroit,MI,Midwest,65000,EMPLOYED,2025-02-16T00:21:07,2025-06-05T00:21:07
CUS000418,Sophia,Anderson,1979-01-26,sophia.anderson418@example.com,Savannah,GA,South,110000,EMPLOYED,2025-04-06T13:34:00,2025-07-19T13:34:00
CUS000419,Harper,Thomas,1989-08-09,harper.thomas419@example.com,Tacoma,WA,West,65000,EMPLOYED,2026-05-05T15:21:18,2026-07-27T15:21:18
CUS000420,Liam,Garcia,1998-04-21,liam.garcia420@example.com,Jersey City,NJ,Northeast,135000,SELF_EMPLOYED,2026-03-25T06:35:58,2026-06-11T06:35:58
CUS000421,Camila,Smith,1998-05-04,camila.smith421@example.com,Columbus,OH,Midwest,135000,EMPLOYED,2026-05-15T04:06:42,2026-09-05T04:06:42
CUS000422,Noah,Wilson,1956-02-10,noah.wilson422@example.com,Cleveland,OH,Midwest,210000,EMPLOYED,2025-08-18T12:19:01,2025-10-23T12:19:01
CUS000423,Camila,Brown,1977-04-20,camila.brown423@example.com,San Francisco,CA,West,135000,EMPLOYED,2026-05-09T12:35:18,2026-08-01T12:35:18
CUS000424,Evelyn,White,1969-01-29,evelyn.white424@example.com,New York,NY,Northeast,160000,STUDENT,2026-06-02T17:05:10,2026-09-19T17:05:10
CUS000425,Noah,Martin,1984-09-07,noah.martin425@example.com,Atlanta,GA,South,78000,EMPLOYED,2025-10-12T01:49:59,2025-12-15T01:49:59
CUS000426,Harper,Thomas,1996-03-09,harper.thomas426@example.com,Dallas,TX,South,52000,STUDENT,2026-03-31T20:51:48,2026-05-27T20:51:48
CUS000427,James,Anderson,1956-08-05,james.anderson427@example.com,Jersey City,NJ,Northeast,42000,EMPLOYED,2025-04-16T14:41:19,2025-06-07T14:41:19
CUS000428,Ava,Williams,2000-08-09,ava.williams428@example.com,Springfield,IL,Midwest,160000,RETIRED,2025-07-31T23:49:59,2025-10-24T23:49:59
CUS000429,Amelia,Johnson,1984-10-13,amelia.johnson429@example.com,Austin,TX,South,160000,EMPLOYED,2026-04-30T23:55:36,2026-06-15T23:55:36
CUS000430,Ethan,Smith,1981-03-12,ethan.smith430@example.com,Savannah,GA,South,65000,EMPLOYED,2026-01-18T03:52:15,2026-01-23T03:52:15
CUS000431,Elijah,Brown,1971-10-29,elijah.brown431@example.com,Miami,FL,South,160000,SELF_EMPLOYED,2025-05-04T14:18:17,2025-05-31T14:18:17
CUS000432,Mason,Anderson,1959-03-04,mason.anderson432@example.com,Jersey City,NJ,Northeast,210000,EMPLOYED,2025-05-07T16:24:08,2025-07-04T16:24:08
CUS000433,Charlotte,Smith,2004-08-19,charlotte.smith433@example.com,Phoenix,AZ,West,210000,SELF_EMPLOYED,2026-03-20T21:18:12,2026-05-20T21:18:12
CUS000434,Sophia,Thompson,1964-04-16,sophia.thompson434@example.com,Boston,MA,Northeast,110000,EMPLOYED,2026-02-01T23:56:22,2026-04-18T23:56:22
CUS000435,Harper,Moore,1979-07-19,harper.moore435@example.com,Chicago,IL,Midwest,160000,SELF_EMPLOYED,2026-02-12T12:28:59,2026-03-21T12:28:59
CUS000436,Olivia,Moore,2004-02-23,olivia.moore436@example.com,Springfield,IL,Midwest,78000,EMPLOYED,2025-11-18T20:09:19,2026-02-06T20:09:19
CUS000437,Camila,Martinez,1966-11-26,camila.martinez437@example.com,Cleveland,OH,Midwest,110000,SELF_EMPLOYED,2025-07-02T18:20:46,2025-09-09T18:20:46
CUS000438,Amelia,Perez,2002-11-24,amelia.perez438@example.com,Tacoma,WA,West,42000,EMPLOYED,2025-10-20T15:22:43,2026-01-31T15:22:43
CUS000439,Ava,Thomas,1960-01-29,ava.thomas439@example.com,Boston,MA,Northeast,65000,RETIRED,2025-07-24T09:43:13,2025-10-28T09:43:13
CUS000440,Mia,Jones,1973-04-20,mia.jones440@example.com,Buffalo,NY,Northeast,160000,EMPLOYED,2025-02-03T13:03:33,2025-05-18T13:03:33
CUS000441,Evelyn,Davis,1976-04-25,evelyn.davis441@example.com,Grand Rapids,MI,Midwest,135000,EMPLOYED,2025-10-22T01:42:37,2026-02-17T01:42:37
CUS000442,Lucas,Perez,1977-07-19,lucas.perez442@example.com,New York,NY,Northeast,160000,SELF_EMPLOYED,2025-07-27T22:35:38,2025-11-15T22:35:38
CUS000443,Amelia,Thompson,1972-05-11,amelia.thompson443@example.com,Phoenix,AZ,West,52000,EMPLOYED,2025-10-29T16:20:27,2025-11-20T16:20:27
CUS000444,Sophia,Lee,1958-08-24,sophia.lee444@example.com,Jersey City,NJ,Northeast,92000,EMPLOYED,2026-03-15T10:09:43,2026-05-25T10:09:43
CUS000445,Henry,Wilson,1996-11-01,henry.wilson445@example.com,Buffalo,NY,Northeast,110000,EMPLOYED,2025-06-08T01:27:15,2025-06-27T01:27:15
CUS000446,Camila,Martinez,1961-07-16,camila.martinez446@example.com,Tacoma,WA,West,65000,EMPLOYED,2025-11-22T19:07:44,2025-12-20T19:07:44
CUS000447,Benjamin,Garcia,2003-03-07,benjamin.garcia447@example.com,San Francisco,CA,West,78000,STUDENT,2026-02-18T03:20:51,2026-04-03T03:20:51
CUS000448,Lucas,Anderson,1974-08-07,lucas.anderson448@example.com,Savannah,GA,South,42000,EMPLOYED,2026-05-02T20:26:15,2026-08-15T20:26:15
CUS000449,Amelia,Jackson,1976-11-15,amelia.jackson449@example.com,Houston,TX,South,52000,EMPLOYED,2025-02-10T11:41:05,2025-03-30T11:41:05
CUS000450,Evelyn,Martinez,2001-02-20,evelyn.martinez450@example.com,Buffalo,NY,Northeast,42000,EMPLOYED,2026-06-05T16:13:20,2026-08-06T16:13:20
CUS000451,Mason,Anderson,1963-08-11,mason.anderson451@example.com,Phoenix,AZ,West,42000,EMPLOYED,2025-06-21T19:35:13,2025-08-28T19:35:13
CUS000452,Mason,Miller,1964-04-28,mason.miller452@example.com,Cleveland,OH,Midwest,135000,EMPLOYED,2025-07-30T19:34:44,2025-11-13T19:34:44
CUS000453,Noah,Jones,1984-10-04,noah.jones453@example.com,Buffalo,NY,Northeast,42000,EMPLOYED,2025-02-08T03:11:11,2025-02-17T03:11:11
CUS000454,Mia,Perez,1978-03-16,mia.perez454@example.com,Newark,NJ,Northeast,135000,EMPLOYED,2026-02-22T14:07:40,2026-04-20T14:07:40
CUS000455,Ava,Thomas,2002-12-25,ava.thomas455@example.com,Columbus,OH,Midwest,52000,SELF_EMPLOYED,2025-01-07T23:21:12,2025-04-09T23:21:12
CUS000456,Henry,Johnson,1987-02-03,henry.johnson456@example.com,Detroit,MI,Midwest,92000,EMPLOYED,2026-05-30T03:51:51,2026-07-06T03:51:51
CUS000457,Isabella,Jackson,1957-10-06,isabella.jackson457@example.com,San Diego,CA,West,78000,EMPLOYED,2026-05-01T05:41:29,2026-07-08T05:41:29
CUS000458,Harper,Perez,1981-09-27,harper.perez458@example.com,Miami,FL,South,210000,EMPLOYED,2026-01-18T00:24:21,2026-03-29T00:24:21
CUS000459,Liam,Smith,2003-03-11,liam.smith459@example.com,Springfield,IL,Midwest,110000,EMPLOYED,2025-03-29T11:05:36,2025-04-24T11:05:36
CUS000460,Benjamin,Jones,1974-10-22,benjamin.jones460@example.com,Boston,MA,Northeast,65000,EMPLOYED,2025-09-16T07:04:30,2025-09-30T07:04:30
CUS000461,Henry,Johnson,2004-04-24,henry.johnson461@example.com,Tucson,AZ,West,52000,EMPLOYED,2025-03-16T10:34:56,2025-06-09T10:34:56
CUS000462,Mason,Thompson,1987-01-15,mason.thompson462@example.com,Tacoma,WA,West,52000,EMPLOYED,2025-05-12T23:51:54,2025-06-11T23:51:54
CUS000463,Noah,Miller,1995-06-06,noah.miller463@example.com,Savannah,GA,South,92000,EMPLOYED,2025-12-03T22:26:25,2026-02-25T22:26:25
CUS000464,Olivia,Thompson,1983-05-19,olivia.thompson464@example.com,Springfield,IL,Midwest,110000,EMPLOYED,2026-03-15T06:08:23,2026-03-15T06:08:23
CUS000465,Ethan,Moore,1967-01-18,ethan.moore465@example.com,Orlando,FL,South,160000,EMPLOYED,2025-12-06T17:28:28,2026-02-03T17:28:28
CUS000466,Isabella,Martin,1970-10-08,isabella.martin466@example.com,Phoenix,AZ,West,65000,STUDENT,2025-03-25T10:13:00,2025-07-12T10:13:00
CUS000467,Mason,Wilson,1961-10-06,mason.wilson467@example.com,Detroit,MI,Midwest,42000,SELF_EMPLOYED,2025-01-20T18:27:56,2025-04-10T18:27:56
CUS000468,Henry,Thomas,1958-04-16,henry.thomas468@example.com,Chicago,IL,Midwest,210000,EMPLOYED,2025-09-24T19:47:13,2026-01-16T19:47:13
CUS000469,Olivia,Taylor,1981-02-08,olivia.taylor469@example.com,Los Angeles,CA,West,210000,EMPLOYED,2025-05-18T16:55:09,2025-07-21T16:55:09
CUS000470,Amelia,Lee,1969-11-17,amelia.lee470@example.com,New York,NY,Northeast,65000,EMPLOYED,2025-05-24T16:14:47,2025-06-13T16:14:47
CUS000471,Henry,Jones,1987-03-11,henry.jones471@example.com,Grand Rapids,MI,Midwest,160000,EMPLOYED,2025-02-11T07:58:01,2025-05-19T07:58:01
CUS000472,Mia,Taylor,1973-07-20,mia.taylor472@example.com,Dallas,TX,South,160000,STUDENT,2026-01-05T14:07:48,2026-03-06T14:07:48
CUS000473,Liam,Anderson,1978-08-16,liam.anderson473@example.com,Jersey City,NJ,Northeast,135000,EMPLOYED,2025-06-28T13:42:49,2025-09-19T13:42:49
CUS000474,Noah,Lee,1974-12-30,noah.lee474@example.com,Orlando,FL,South,110000,EMPLOYED,2026-02-20T12:50:55,2026-06-04T12:50:55
CUS000475,Charlotte,White,1994-06-19,charlotte.white475@example.com,New York,NY,Northeast,210000,EMPLOYED,2025-06-19T08:22:25,2025-06-28T08:22:25
CUS000476,Mason,Jones,1987-07-01,mason.jones476@example.com,Boston,MA,Northeast,110000,SELF_EMPLOYED,2025-05-02T08:23:11,2025-06-24T08:23:11
CUS000477,Charlotte,Martin,1969-06-19,charlotte.martin477@example.com,Seattle,WA,West,42000,EMPLOYED,2026-02-25T00:49:02,2026-03-28T00:49:02
CUS000478,Henry,Garcia,1968-03-05,henry.garcia478@example.com,Boston,MA,Northeast,65000,EMPLOYED,2025-02-27T06:03:22,2025-04-01T06:03:22
CUS000479,Harper,White,1980-06-06,harper.white479@example.com,Chicago,IL,Midwest,160000,STUDENT,2025-03-29T07:53:09,2025-05-25T07:53:09
CUS000480,Sophia,Davis,1967-10-21,sophia.davis480@example.com,San Francisco,CA,West,210000,EMPLOYED,2025-07-06T22:41:25,2025-09-28T22:41:25
CUS000481,Lucas,Jackson,1975-08-14,lucas.jackson481@example.com,Chicago,IL,Midwest,52000,EMPLOYED,2026-01-23T14:02:03,2026-02-08T14:02:03
CUS000482,Benjamin,Lee,1968-06-01,benjamin.lee482@example.com,Cleveland,OH,Midwest,42000,STUDENT,2025-04-09T06:27:35,2025-06-08T06:27:35
CUS000483,Evelyn,Lee,1998-04-07,evelyn.lee483@example.com,Newark,NJ,Northeast,42000,STUDENT,2025-05-14T21:58:18,2025-07-22T21:58:18
CUS000484,Elijah,Lee,1958-11-24,elijah.lee484@example.com,San Diego,CA,West,160000,SELF_EMPLOYED,2026-03-16T08:21:19,2026-07-14T08:21:19
CUS000485,Harper,Taylor,1993-03-04,harper.taylor485@example.com,Chicago,IL,Midwest,78000,RETIRED,2025-05-18T09:16:00,2025-07-18T09:16:00
CUS000486,Noah,Martinez,1978-02-16,noah.martinez486@example.com,Springfield,IL,Midwest,42000,EMPLOYED,2025-07-13T00:11:56,2025-10-11T00:11:56
CUS000487,Emma,Lee,1973-06-06,emma.lee487@example.com,Buffalo,NY,Northeast,52000,EMPLOYED,2025-11-20T14:53:08,2026-01-05T14:53:08
CUS000488,Henry,Wilson,1987-10-21,henry.wilson488@example.com,Orlando,FL,South,78000,EMPLOYED,2025-10-10T14:28:15,2026-01-14T14:28:15
CUS000489,Evelyn,Martin,2004-10-13,evelyn.martin489@example.com,Worcester,MA,Northeast,110000,SELF_EMPLOYED,2026-05-11T09:14:23,2026-06-19T09:14:23
CUS000490,Harper,Jones,1975-08-13,harper.jones490@example.com,Columbus,OH,Midwest,78000,EMPLOYED,2026-04-03T05:53:26,2026-04-15T05:53:26
CUS000491,Lucas,Perez,1969-06-03,lucas.perez491@example.com,Chicago,IL,Midwest,52000,SELF_EMPLOYED,2026-02-03T23:09:05,2026-02-03T23:09:05
CUS000492,Charlotte,White,1960-09-30,charlotte.white492@example.com,Los Angeles,CA,West,52000,EMPLOYED,2025-09-27T08:04:27,2025-11-13T08:04:27
CUS000493,Harper,Thomas,1960-02-26,harper.thomas493@example.com,Springfield,IL,Midwest,160000,EMPLOYED,2025-06-29T23:18:44,2025-08-31T23:18:44
CUS000494,Benjamin,Martinez,2000-10-20,benjamin.martinez494@example.com,Dallas,TX,South,42000,EMPLOYED,2025-08-26T22:23:54,2025-09-16T22:23:54
CUS000495,Ava,Garcia,1990-11-01,ava.garcia495@example.com,Jersey City,NJ,Northeast,78000,EMPLOYED,2025-12-28T14:23:12,2026-02-17T14:23:12
CUS000496,Noah,Williams,1986-03-25,noah.williams496@example.com,Tucson,AZ,West,78000,EMPLOYED,2025-12-22T10:04:02,2026-01-19T10:04:02
CUS000497,Harper,Thompson,1970-09-14,harper.thompson497@example.com,Buffalo,NY,Northeast,210000,EMPLOYED,2026-02-21T18:25:53,2026-03-06T18:25:53
CUS000498,Isabella,Anderson,2003-04-05,isabella.anderson498@example.com,Jersey City,NJ,Northeast,160000,SELF_EMPLOYED,2025-09-14T16:07:14,2025-11-01T16:07:14
CUS000499,Lucas,Jackson,1957-06-15,lucas.jackson499@example.com,Cleveland,OH,Midwest,52000,EMPLOYED,2026-05-09T04:13:59,2026-06-11T04:13:59
CUS000500,Ethan,Davis,1986-09-05,ethan.davis500@example.com,Savannah,GA,South,92000,EMPLOYED,2025-01-10T09:35:17,2025-02-10T09:35:17
