decision_id,application_id,fico_score,debt_to_income_ratio,credit_utilization_ratio,recent_credit_inquiries,delinquency_count_24m,decision_status,decision_reason_code,approved_credit_limit,risk_band,decision_timestamp,source_system
DEC000001,APP000001,757,0.278,0.352,0,2,DECLINED,EXCESSIVE_INQUIRIES,0,LOW,2026-06-19T12:27:31,FICO_DECISION_ENGINE
DEC000002,APP000002,846,0.363,0.688,3,0,APPROVED,LOW_RISK_PROFILE,3000,LOW,2026-06-12T08:49:02,FICO_DECISION_ENGINE
DEC000003,APP000003,650,0.422,0.267,5,0,APPROVED,LOW_RISK_PROFILE,10000,MEDIUM,2026-03-05T01:32:55,FICO_DECISION_ENGINE
DEC000004,APP000004,666,0.21,0.296,2,0,MANUAL_REVIEW,POLICY_REVIEW_REQUIRED,0,MEDIUM,2026-01-03T17:26:01,FICO_DECISION_ENGINE
DEC000005,APP000005,710,0.506,0.395,1,1,APPROVED,LOW_RISK_PROFILE,2000,MEDIUM,2025-11-09T00:19:42,FICO_DECISION_ENGINE
DEC000006,APP000006,771,0.325,0.602,3,1,APPROVED,LOW_RISK_PROFILE,5000,LOW,2026-05-25T13:33:54,FICO_DECISION_ENGINE
DEC000007,APP000007,724,0.477,0.092,5,0,DECLINED,RECENT_DELINQUENCY,0,MEDIUM,2026-06-14T05:27:53,FICO_DECISION_ENGINE
DEC000008,APP000008,678,0.323,0.2,1,0,DECLINED,RECENT_DELINQUENCY,0,MEDIUM,2026-03-18T01:44:47,FICO_DECISION_ENGINE
DEC000009,APP000009,652,0.451,0.203,0,1,DECLINED,HIGH_DTI,0,MEDIUM,2025-12-02T20:24:43,FICO_DECISION_ENGINE
DEC000010,APP000010,637,0.29,0.264,2,0,MANUAL_REVIEW,POLICY_REVIEW_REQUIRED,0,HIGH,2025-11-14T18:36:26,FICO_DECISION_ENGINE
DEC000011,APP000011,910,0.23,0.434,3,0,DECLINED,EXCESSIVE_INQUIRIES,0,HIGH,2025-11-20T15:22:03,FICO_DECISION_ENGINE
DEC000012,APP000012,746,0.199,0.751,1,1,APPROVED,LOW_RISK_PROFILE,7500,LOW,2026-01-14T13:14:45,FICO_DECISION_ENGINE
DEC000013,APP000013,757,0.283,0.01,5,1,APPROVED,LOW_RISK_PROFILE,2000,LOW,2025-12-21T03:45:21,FICO_DECISION_ENGINE
DEC000014,APP000014,657,0.451,0.457,3,0,APPROVED,LOW_RISK_PROFILE,7500,MEDIUM,2025-10-05T10:21:48,FICO_DECISION_ENGINE
DEC000015,APP000015,614,0.234,0.127,0,0,APPROVED,LOW_RISK_PROFILE,3000,HIGH,2026-05-24T19:39:07,FICO_DECISION_ENGINE
DEC000016,APP000016,676,0.498,0.302,2,0,APPROVED,LOW_RISK_PROFILE,3000,MEDIUM,2025-12-29T09:27:35,FICO_DECISION_ENGINE
DEC000017,APP000017,713,0.183,0.27,3,2,DECLINED,EXCESSIVE_INQUIRIES,0,MEDIUM,2026-01-07T10:40:42,FICO_DECISION_ENGINE
DEC000018,APP000018,708,0.354,0.215,5,1,DECLINED,RECENT_DELINQUENCY,0,MEDIUM,2025-10-13T02:53:55,FICO_DECISION_ENGINE
DEC000019,APP000019,745,0.432,0.234,0,0,APPROVED,LOW_RISK_PROFILE,3000,LOW,2025-07-06T06:38:31,FICO_DECISION_ENGINE
DEC000020,APP000020,692,0.429,0.555,3,0,DECLINED,EXCESSIVE_INQUIRIES,0,MEDIUM,2026-06-08T00:19:25,FICO_DECISION_ENGINE
DEC000021,APP000021,795,0.418,0.546,4,0,APPROVED,LOW_RISK_PROFILE,2000,LOW,2025-06-17T12:01:42,FICO_DECISION_ENGINE
DEC000022,APP000022,806,0.361,0.385,0,1,DECLINED,RECENT_DELINQUENCY,0,LOW,2025-06-18T07:15:27,FICO_DECISION_ENGINE
DEC000023,APP000023,640,0.327,0.714,1,0,APPROVED,LOW_RISK_PROFILE,15000,HIGH,2026-06-08T01:32:40,FICO_DECISION_ENGINE
DEC000024,APP000024,605,0.378,0.188,2,0,DECLINED,LOW_FICO_SCORE,0,HIGH,2026-03-27T04:21:54,FICO_DECISION_ENGINE
DEC000025,APP000025,599,0.632,0.339,2,0,DECLINED,HIGH_DTI,0,HIGH,2026-02-11T03:20:43,FICO_DECISION_ENGINE
DEC000026,,719,0.35,0.459,0,0,DECLINED,HIGH_DTI,0,MEDIUM,2025-11-10T20:20:17,FICO_DECISION_ENGINE
DEC000027,APP000027,614,0.281,0.24,0,0,APPROVED,LOW_RISK_PROFILE,5000,HIGH,2025-06-21T17:41:20,FICO_DECISION_ENGINE
DEC000028,APP000028,674,0.525,0.498,2,0,APPROVED,LOW_RISK_PROFILE,5000,MEDIUM,2025-10-13T19:44:29,FICO_DECISION_ENGINE
DEC000029,APP000029,720,0.427,0.651,0,0,APPROVED,LOW_RISK_PROFILE,3000,MEDIUM,2026-05-16T18:07:17,FICO_DECISION_ENGINE
DEC000030,APP000030,744,0.253,0.263,0,0,APPROVED,LOW_RISK_PROFILE,3000,LOW,2026-03-20T23:22:05,FICO_DECISION_ENGINE
DEC000031,APP000031,684,0.067,0.669,3,0,APPROVED,LOW_RISK_PROFILE,5000,MEDIUM,2026-04-24T02:12:46,FICO_DECISION_ENGINE
DEC000032,APP000032,722,0.407,0.203,4,0,APPROVED,LOW_RISK_PROFILE,7500,MEDIUM,2025-09-27T19:22:19,FICO_DECISION_ENGINE
DEC000033,APP000033,711,0.182,0.145,0,0,MANUAL_REVIEW,POLICY_REVIEW_REQUIRED,0,MEDIUM,2026-05-26T15:34:08,FICO_DECISION_ENGINE
DEC000034,APP000034,671,0.15,0.248,3,0,APPROVED,LOW_RISK_PROFILE,7500,MEDIUM,2025-12-08T15:01:19,FICO_DECISION_ENGINE
DEC000035,APP000035,485,0.295,0.479,1,1,DECLINED,RECENT_DELINQUENCY,0,HIGH,2025-06-18T10:22:38,FICO_DECISION_ENGINE
DEC000036,APP000036,815,0.46,0.54,3,0,MANUAL_REVIEW,POLICY_REVIEW_REQUIRED,0,LOW,2026-03-12T20:47:08,FICO_DECISION_ENGINE
DEC000037,APP000037,648,0.302,0.18,3,0,MANUAL_REVIEW,POLICY_REVIEW_REQUIRED,0,HIGH,2025-11-01T03:22:00,FICO_DECISION_ENGINE
DEC000038,APP000038,698,0.57,0.646,2,0,MANUAL_REVIEW,POLICY_REVIEW_REQUIRED,0,MEDIUM,2025-07-19T21:41:03,FICO_DECISION_ENGINE
DEC000039,APP000039,721,0.272,0.756,0,0,APPROVED,LOW_RISK_PROFILE,3000,MEDIUM,2026-01-09T15:11:02,FICO_DECISION_ENGINE
DEC000040,APP000040,698,0.133,0.349,0,1,APPROVED,LOW_RISK_PROFILE,3000,MEDIUM,2026-05-24T08:02:49,FICO_DECISION_ENGINE
DEC000041,APP000041,752,0.38,0.426,4,1,APPROVED,LOW_RISK_PROFILE,10000,LOW,2025-07-13T17:19:57,FICO_DECISION_ENGINE
DEC000042,APP000042,656,0.543,0.817,3,0,APPROVED,LOW_RISK_PROFILE,3000,MEDIUM,2026-06-12T19:06:07,FICO_DECISION_ENGINE
DEC000043,APP000043,719,0.445,0.256,3,0,MANUAL_REVIEW,POLICY_REVIEW_REQUIRED,0,MEDIUM,2026-05-02T00:53:18,FICO_DECISION_ENGINE
DEC000044,APP000044,641,0.378,0.574,1,2,MANUAL_REVIEW,POLICY_REVIEW_REQUIRED,0,HIGH,2025-12-09T05:40:48,FICO_DECISION_ENGINE
DEC000045,APP000045,632,0.361,0.091,2,0,APPROVED,LOW_RISK_PROFILE,5000,HIGH,2026-05-22T04:03:24,FICO_DECISION_ENGINE
DEC000046,APP000046,658,0.391,0.141,3,0,APPROVED,LOW_RISK_PROFILE,2000,MEDIUM,2026-05-06T19:10:50,FICO_DECISION_ENGINE
DEC000047,APP000047,552,0.578,0.6,0,0,DECLINED,HIGH_DTI,0,HIGH,2025-06-10T10:39:23,FICO_DECISION_ENGINE
DEC000048,APP000048,647,0.625,0.628,3,0,DECLINED,RECENT_DELINQUENCY,0,HIGH,2026-01-21T20:26:18,FICO_DECISION_ENGINE
DEC000049,APP000049,850,0.331,0.4,2,0,MANUAL_REVIEW,POLICY_REVIEW_REQUIRED,0,LOW,2025-11-29T22:47:02,FICO_DECISION_ENGINE
DEC000050,APP000050,754,0.492,0.513,0,1,MANUAL_REVIEW,POLICY_REVIEW_REQUIRED,0,LOW,2025-10-22T08:14:08,FICO_DECISION_ENGINE
DEC000051,APP000051,789,0.623,0.279,3,0,DECLINED,HIGH_DTI,0,LOW,2025-09-25T15:11:58,FICO_DECISION_ENGINE
DEC000052,APP000052,678,0.694,0.778,2,1,MANUAL_REVIEW,POLICY_REVIEW_REQUIRED,0,MEDIUM,2026-05-19T19:04:25,FICO_DECISION_ENGINE
DEC000053,APP000053,709,0.278,0.912,3,0,APPROVED,LOW_RISK_PROFILE,3000,MEDIUM,2026-02-28T04:19:59,FICO_DECISION_ENGINE
DEC000054,APP000054,661,0.208,0.235,0,0,APPROVED,LOW_RISK_PROFILE,3000,MEDIUM,2025-09-03T00:57:59,FICO_DECISION_ENGINE
DEC000055,APP000055,600,0.521,0.428,1,0,DECLINED,RECENT_DELINQUENCY,0,HIGH,2026-04-06T17:04:54,FICO_DECISION_ENGINE
DEC000056,APP000056,705,0.612,0.374,3,2,DECLINED,EXCESSIVE_INQUIRIES,0,MEDIUM,2026-06-16T07:23:37,FICO_DECISION_ENGINE
DEC000057,APP000057,736,0.155,0.187,0,1,DECLINED,LOW_FICO_SCORE,0,MEDIUM,2025-12-25T01:32:29,FICO_DECISION_ENGINE
DEC000058,APP000058,654,0.41,0.275,1,0,APPROVED,LOW_RISK_PROFILE,20000,MEDIUM,2026-01-18T16:39:13,FICO_DECISION_ENGINE
DEC000059,APP000059,610,0.424,0.646,4,0,APPROVED,LOW_RISK_PROFILE,3000,HIGH,2025-11-03T10:25:40,FICO_DECISION_ENGINE
DEC000060,APP000060,785,0.075,0.158,3,1,APPROVED,LOW_RISK_PROFILE,2000,LOW,2025-11-13T16:26:27,FICO_DECISION_ENGINE
DEC000061,APP000061,777,0.444,0.32,1,0,APPROVED,LOW_RISK_PROFILE,7500,LOW,2026-05-28T16:22:05,FICO_DECISION_ENGINE
DEC000062,APP000062,665,0.446,0.01,2,0,APPROVED,LOW_RISK_PROFILE,5000,MEDIUM,2025-08-14T06:31:00,FICO_DECISION_ENGINE
DEC000063,APP000063,630,0.245,0.203,2,1,DECLINED,HIGH_DTI,0,HIGH,2026-02-10T18:10:29,FICO_DECISION_ENGINE
DEC000064,APP000064,710,0.41,0.365,2,0,MANUAL_REVIEW,POLICY_REVIEW_REQUIRED,0,MEDIUM,2026-04-14T22:54:30,FICO_DECISION_ENGINE
DEC000065,APP000065,754,0.381,0.175,3,1,DECLINED,HIGH_DTI,0,LOW,2026-04-05T10:52:56,FICO_DECISION_ENGINE
DEC000066,APP000066,625,0.353,0.188,0,1,DECLINED,LOW_FICO_SCORE,0,HIGH,2026-03-24T13:07:28,FICO_DECISION_ENGINE
DEC000067,APP000067,657,0.458,0.653,2,1,MANUAL_REVIEW,POLICY_REVIEW_REQUIRED,0,MEDIUM,2025-08-08T04:26:45,FICO_DECISION_ENGINE
DEC000068,APP000068,720,0.299,0.633,4,0,MANUAL_REVIEW,POLICY_REVIEW_REQUIRED,0,MEDIUM,2026-06-06T22:01:26,FICO_DECISION_ENGINE
DEC000069,APP000069,638,0.228,0.267,3,1,APPROVED,LOW_RISK_PROFILE,10000,HIGH,2026-03-16T18:05:23,FICO_DECISION_ENGINE
DEC000070,APP000070,515,0.202,0.688,4,0,DECLINED,LOW_FICO_SCORE,0,HIGH,2025-12-30T15:05:09,FICO_DECISION_ENGINE
DEC000071,APP000071,734,0.417,0.776,0,1,APPROVED,LOW_RISK_PROFILE,5000,MEDIUM,2026-02-15T20:02:55,FICO_DECISION_ENGINE
DEC000072,APP000072,659,0.455,0.01,0,1,APPROVED,LOW_RISK_PROFILE,15000,MEDIUM,2026-04-18T16:46:53,FICO_DECISION_ENGINE
DEC000073,APP000073,723,0.37,0.235,3,0,APPROVED,LOW_RISK_PROFILE,5000,MEDIUM,2026-05-17T12:05:29,FICO_DECISION_ENGINE
DEC000074,APP000074,746,0.568,0.682,4,0,APPROVED,LOW_RISK_PROFILE,5000,LOW,2025-11-09T01:09:44,FICO_DECISION_ENGINE
DEC000075,APP000075,732,0.071,0.01,3,1,APPROVED,LOW_RISK_PROFILE,3000,MEDIUM,2025-07-18T16:09:45,FICO_DECISION_ENGINE
DEC000076,APP000076,703,0.383,0.466,1,0,DECLINED,RECENT_DELINQUENCY,0,MEDIUM,2025-06-19T16:44:30,FICO_DECISION_ENGINE
DEC000077,APP000077,689,0.312,0.443,2,0,APPROVED,LOW_RISK_PROFILE,10000,MEDIUM,2025-06-24T03:45:54,FICO_DECISION_ENGINE
DEC000078,APP000078,732,0.252,0.551,2,0,APPROVED,LOW_RISK_PROFILE,10000,MEDIUM,2025-07-29T00:33:56,FICO_DECISION_ENGINE
DEC000079,APP000079,740,0.447,0.609,1,0,APPROVED,LOW_RISK_PROFILE,7500,LOW,2025-11-21T19:42:10,FICO_DECISION_ENGINE
DEC000080,APP000080,712,0.288,0.117,1,0,APPROVED,LOW_RISK_PROFILE,2000,MEDIUM,2025-09-10T19:26:52,FICO_DECISION_ENGINE
DEC000081,APP000081,686,0.463,0.218,3,2,APPROVED,LOW_RISK_PROFILE,3000,MEDIUM,2025-09-23T05:14:01,FICO_DECISION_ENGINE
DEC000082,APP000082,802,0.286,0.632,1,1,DECLINED,LOW_FICO_SCORE,0,LOW,2025-08-27T10:17:15,FICO_DECISION_ENGINE
DEC000083,APP000083,693,0.437,0.535,3,1,DECLINED,EXCESSIVE_INQUIRIES,0,MEDIUM,2026-01-23T14:36:48,FICO_DECISION_ENGINE
DEC000084,APP000084,707,0.43,0.095,4,0,DECLINED,EXCESSIVE_INQUIRIES,0,MEDIUM,2025-11-23T19:50:14,FICO_DECISION_ENGINE
DEC000085,APP000085,713,0.326,0.436,4,1,APPROVED,LOW_RISK_PROFILE,3000,MEDIUM,2025-07-20T16:12:43,FICO_DECISION_ENGINE
DEC000086,APP000086,627,0.294,0.454,4,0,MANUAL_REVIEW,POLICY_REVIEW_REQUIRED,0,HIGH,2026-05-05T05:27:11,FICO_DECISION_ENGINE
DEC000087,APP000087,749,0.327,0.613,2,0,APPROVED,LOW_RISK_PROFILE,7500,LOW,2026-05-14T11:05:25,FICO_DECISION_ENGINE
DEC000088,APP000088,684,0.403,0.219,1,0,APPROVED,LOW_RISK_PROFILE,10000,MEDIUM,2025-12-01T04:00:30,FICO_DECISION_ENGINE
DEC000089,APP000089,710,0.276,0.461,4,0,APPROVED,LOW_RISK_PROFILE,7500,MEDIUM,2025-09-05T20:14:23,FICO_DECISION_ENGINE
DEC000090,APP000090,708,0.497,0.292,0,1,APPROVED,LOW_RISK_PROFILE,10000,MEDIUM,2026-04-25T15:09:38,FICO_DECISION_ENGINE
DEC000091,APP000091,696,0.493,0.039,0,1,APPROVED,LOW_RISK_PROFILE,3000,MEDIUM,2025-06-04T21:03:19,FICO_DECISION_ENGINE
DEC000092,APP000092,823,0.289,0.355,2,0,APPROVED,LOW_RISK_PROFILE,20000,LOW,2026-06-10T19:11:22,FICO_DECISION_ENGINE
DEC000093,APP000093,613,0.37,0.01,0,0,DECLINED,HIGH_DTI,0,HIGH,2025-11-23T19:28:52,FICO_DECISION_ENGINE
DEC000094,APP000094,768,0.328,0.287,4,0,APPROVED,LOW_RISK_PROFILE,3000,LOW,2026-04-02T11:05:35,FICO_DECISION_ENGINE
DEC000095,APP000095,665,0.592,0.532,3,0,APPROVED,LOW_RISK_PROFILE,3000,MEDIUM,2025-10-21T09:11:24,FICO_DECISION_ENGINE
DEC000096,APP000096,767,0.511,0.067,1,1,DECLINED,EXCESSIVE_INQUIRIES,0,LOW,2026-02-26T01:12:48,FICO_DECISION_ENGINE
DEC000097,APP000097,579,0.223,0.438,3,0,DECLINED,RECENT_DELINQUENCY,0,HIGH,2026-01-12T23:13:49,FICO_DECISION_ENGINE
DEC000098,APP000098,670,0.288,0.655,0,0,APPROVED,LOW_RISK_PROFILE,3000,MEDIUM,2026-06-21T19:24:16,FICO_DECISION_ENGINE
DEC000099,APP000099,617,0.219,0.46,1,1,DECLINED,HIGH_DTI,0,HIGH,2026-02-28T23:13:55,FICO_DECISION_ENGINE
DEC000100,APP000100,642,0.31,0.322,1,0,DECLINED,EXCESSIVE_INQUIRIES,0,HIGH,2025-09-08T18:56:04,FICO_DECISION_ENGINE
DEC000101,APP000101,682,0.242,0.662,4,0,MANUAL_REVIEW,POLICY_REVIEW_REQUIRED,0,MEDIUM,2025-07-24T16:15:27,FICO_DECISION_ENGINE
DEC000102,APP000102,720,0.47,0.258,4,1,MANUAL_REVIEW,POLICY_REVIEW_REQUIRED,0,MEDIUM,2025-08-02T04:23:35,FICO_DECISION_ENGINE
DEC000103,APP000103,775,0.268,0.022,3,0,APPROVED,LOW_RISK_PROFILE,5000,LOW,2025-10-08T10:44:02,FICO_DECISION_ENGINE
DEC000104,APP000104,752,0.362,0.393,2,1,APPROVED,LOW_RISK_PROFILE,3000,LOW,2025-11-18T02:12:15,FICO_DECISION_ENGINE
DEC000105,APP000105,689,0.375,0.417,4,1,APPROVED,LOW_RISK_PROFILE,3000,MEDIUM,2026-04-26T03:53:28,FICO_DECISION_ENGINE
DEC000106,APP000106,677,0.05,0.423,1,0,DECLINED,HIGH_DTI,0,MEDIUM,2025-11-16T14:14:53,FICO_DECISION_ENGINE
DEC000107,APP000107,493,0.252,0.99,1,1,DECLINED,RECENT_DELINQUENCY,0,HIGH,2026-05-19T17:33:16,FICO_DECISION_ENGINE
DEC000108,APP000108,765,0.356,0.497,2,0,APPROVED,LOW_RISK_PROFILE,15000,LOW,2026-01-22T10:34:46,FICO_DECISION_ENGINE
DEC000109,APP000109,673,0.169,0.244,1,0,APPROVED,LOW_RISK_PROFILE,3000,MEDIUM,2025-08-11T01:18:02,FICO_DECISION_ENGINE
DEC000110,APP000110,675,0.151,0.329,2,0,APPROVED,LOW_RISK_PROFILE,15000,MEDIUM,2025-09-17T23:48:26,FICO_DECISION_ENGINE
DEC000111,APP000111,683,0.322,0.449,0,0,DECLINED,LOW_FICO_SCORE,0,MEDIUM,2026-04-13T01:40:17,FICO_DECISION_ENGINE
DEC000112,APP000112,663,0.383,0.573,5,0,MANUAL_REVIEW,POLICY_REVIEW_REQUIRED,0,MEDIUM,2026-02-10T21:40:36,FICO_DECISION_ENGINE
DEC000113,APP000113,616,0.643,0.443,2,0,DECLINED,HIGH_DTI,0,HIGH,2025-08-01T20:59:43,FICO_DECISION_ENGINE
DEC000114,APP000114,710,0.373,0.638,1,1,DECLINED,LOW_FICO_SCORE,0,MEDIUM,2026-03-11T06:01:30,FICO_DECISION_ENGINE
DEC000115,APP000115,666,0.172,0.47,1,1,APPROVED,LOW_RISK_PROFILE,3000,MEDIUM,2025-06-04T00:17:08,FICO_DECISION_ENGINE
DEC000116,APP000116,618,0.303,0.607,0,1,APPROVED,LOW_RISK_PROFILE,10000,HIGH,2026-05-21T01:22:12,FICO_DECISION_ENGINE
DEC000117,APP000117,601,0.381,0.496,2,0,DECLINED,EXCESSIVE_INQUIRIES,0,HIGH,2026-06-25T19:39:25,FICO_DECISION_ENGINE
DEC000118,APP000118,714,0.281,0.687,3,0,MANUAL_REVIEW,POLICY_REVIEW_REQUIRED,0,MEDIUM,2026-05-10T01:34:17,FICO_DECISION_ENGINE
DEC000119,APP000119,698,0.366,0.43,1,0,APPROVED,LOW_RISK_PROFILE,10000,MEDIUM,2026-06-15T01:55:01,FICO_DECISION_ENGINE
DEC000120,APP000120,760,0.32,0.51,0,0,APPROVED,LOW_RISK_PROFILE,2000,LOW,2025-11-14T08:17:42,FICO_DECISION_ENGINE
DEC000121,APP000121,711,0.455,0.664,1,1,APPROVED,LOW_RISK_PROFILE,7500,MEDIUM,2025-12-09T04:58:58,FICO_DECISION_ENGINE
DEC000122,APP000122,706,0.61,0.29,1,0,DECLINED,EXCESSIVE_INQUIRIES,0,MEDIUM,2025-10-30T21:59:07,FICO_DECISION_ENGINE
DEC000123,APP000123,676,0.129,0.04,2,1,DECLINED,LOW_FICO_SCORE,0,MEDIUM,2026-01-29T16:51:49,FICO_DECISION_ENGINE
DEC000124,APP000124,624,0.496,0.456,2,0,DECLINED,EXCESSIVE_INQUIRIES,0,HIGH,2025-06-21T17:08:40,FICO_DECISION_ENGINE
DEC000125,APP000125,652,0.39,0.446,1,1,DECLINED,EXCESSIVE_INQUIRIES,0,MEDIUM,2026-03-13T00:28:22,FICO_DECISION_ENGINE
DEC000126,APP000126,689,0.376,0.608,0,0,APPROVED,LOW_RISK_PROFILE,3000,MEDIUM,2026-03-26T00:54:41,FICO_DECISION_ENGINE
DEC000127,APP000127,661,0.17,0.299,1,0,APPROVED,LOW_RISK_PROFILE,20000,MEDIUM,2025-10-30T15:31:29,FICO_DECISION_ENGINE
DEC000128,APP000128,607,0.214,0.164,4,0,DECLINED,RECENT_DELINQUENCY,0,HIGH,2026-01-25T22:33:02,FICO_DECISION_ENGINE
DEC000129,APP000129,769,0.276,0.406,3,0,APPROVED,LOW_RISK_PROFILE,7500,LOW,2025-07-29T23:38:55,FICO_DECISION_ENGINE
DEC000130,APP000130,643,0.41,0.336,0,0,MANUAL_REVIEW,POLICY_REVIEW_REQUIRED,0,HIGH,2026-01-18T17:43:30,FICO_DECISION_ENGINE
DEC000131,APP000131,745,0.407,0.516,4,2,APPROVED,LOW_RISK_PROFILE,3000,LOW,2026-05-11T02:24:25,FICO_DECISION_ENGINE
DEC000132,APP000132,708,0.26,0.279,3,0,APPROVED,LOW_RISK_PROFILE,3000,MEDIUM,2026-05-16T19:43:53,FICO_DECISION_ENGINE
DEC000133,APP000133,649,0.104,0.648,0,0,APPROVED,LOW_RISK_PROFILE,10000,HIGH,2025-11-15T17:42:30,FICO_DECISION_ENGINE
DEC000134,APP000134,774,0.522,0.935,0,0,DECLINED,HIGH_DTI,0,LOW,2025-10-24T16:36:20,FICO_DECISION_ENGINE
DEC000135,APP000135,725,0.412,0.58,3,1,APPROVED,LOW_RISK_PROFILE,5000,MEDIUM,2025-07-30T01:30:51,FICO_DECISION_ENGINE
DEC000136,APP000136,702,0.532,0.342,6,0,DECLINED,EXCESSIVE_INQUIRIES,0,MEDIUM,2026-02-11T05:18:13,FICO_DECISION_ENGINE
DEC000137,APP000137,722,0.14,0.584,3,0,APPROVED,LOW_RISK_PROFILE,3000,MEDIUM,2026-06-22T20:54:30,FICO_DECISION_ENGINE
DEC000138,APP000138,738,0.231,0.871,0,0,APPROVED,LOW_RISK_PROFILE,2000,MEDIUM,2025-07-18T11:53:08,FICO_DECISION_ENGINE
DEC000139,APP000139,566,0.149,0.645,3,0,DECLINED,LOW_FICO_SCORE,0,HIGH,2025-09-08T17:52:03,FICO_DECISION_ENGINE
DEC000140,APP000140,792,0.519,0.625,3,0,DECLINED,HIGH_DTI,0,LOW,2025-11-27T11:13:56,FICO_DECISION_ENGINE
DEC000141,APP000141,660,0.298,0.231,0,3,MANUAL_REVIEW,POLICY_REVIEW_REQUIRED,0,MEDIUM,2025-12-30T05:05:42,FICO_DECISION_ENGINE
DEC000142,APP000142,680,0.198,0.085,3,0,APPROVED,LOW_RISK_PROFILE,7500,MEDIUM,2025-06-04T14:55:17,FICO_DECISION_ENGINE
DEC000143,APP000143,675,0.347,0.775,3,0,APPROVED,LOW_RISK_PROFILE,7500,MEDIUM,2025-11-03T18:00:48,FICO_DECISION_ENGINE
DEC000144,APP000144,656,0.335,0.249,0,0,DECLINED,LOW_FICO_SCORE,0,MEDIUM,2025-10-20T17:57:53,FICO_DECISION_ENGINE
DEC000145,APP000145,701,0.379,0.489,0,2,APPROVED,LOW_RISK_PROFILE,2000,MEDIUM,2026-06-11T20:58:02,FICO_DECISION_ENGINE
DEC000146,APP000146,719,0.276,0.567,1,0,DECLINED,RECENT_DELINQUENCY,0,MEDIUM,2026-04-18T06:41:46,FICO_DECISION_ENGINE
DEC000147,APP000147,583,0.223,0.249,4,0,DECLINED,LOW_FICO_SCORE,0,HIGH,2026-05-19T13:12:24,FICO_DECISION_ENGINE
DEC000148,APP000148,743,0.386,0.01,0,0,APPROVED,LOW_RISK_PROFILE,20000,LOW,2026-02-13T08:04:12,FICO_DECISION_ENGINE
DEC000149,APP000149,666,0.454,0.132,3,0,APPROVED,LOW_RISK_PROFILE,3000,MEDIUM,2025-08-07T00:38:36,FICO_DECISION_ENGINE
DEC000150,APP000150,626,0.308,0.385,3,1,DECLINED,LOW_FICO_SCORE,0,HIGH,2026-05-22T05:11:02,FICO_DECISION_ENGINE
DEC000151,APP000151,779,0.485,0.522,1,0,APPROVED,LOW_RISK_PROFILE,2000,LOW,2026-02-03T15:42:06,FICO_DECISION_ENGINE
DEC000152,APP000152,723,0.412,0.249,2,0,APPROVED,LOW_RISK_PROFILE,15000,MEDIUM,2025-09-11T06:44:00,FICO_DECISION_ENGINE
DEC000153,APP000153,654,0.05,0.731,3,1,MANUAL_REVIEW,POLICY_REVIEW_REQUIRED,0,MEDIUM,2026-03-24T00:31:33,FICO_DECISION_ENGINE
DEC000154,APP000154,692,0.311,0.01,1,1,APPROVED,LOW_RISK_PROFILE,3000,MEDIUM,2026-05-24T21:28:01,FICO_DECISION_ENGINE
DEC000155,APP000155,697,0.138,0.363,1,0,APPROVED,LOW_RISK_PROFILE,3000,MEDIUM,2025-07-27T18:56:01,FICO_DECISION_ENGINE
DEC000156,APP000156,718,0.525,0.339,0,1,APPROVED,LOW_RISK_PROFILE,20000,MEDIUM,2026-01-06T06:53:27,FICO_DECISION_ENGINE
DEC000157,APP000157,795,0.31,0.323,3,0,APPROVED,LOW_RISK_PROFILE,5000,LOW,2025-12-20T14:35:26,FICO_DECISION_ENGINE
DEC000158,APP000158,722,0.454,0.01,1,0,MANUAL_REVIEW,POLICY_REVIEW_REQUIRED,0,MEDIUM,2026-03-25T21:37:26,FICO_DECISION_ENGINE
DEC000159,APP000159,643,0.346,0.381,2,0,APPROVED,LOW_RISK_PROFILE,2000,HIGH,2026-01-19T03:56:23,FICO_DECISION_ENGINE
DEC000160,APP000160,567,0.257,0.421,0,0,DECLINED,EXCESSIVE_INQUIRIES,0,HIGH,2026-04-16T03:31:31,FICO_DECISION_ENGINE
DEC000161,APP000161,536,0.247,0.579,4,0,DECLINED,EXCESSIVE_INQUIRIES,0,HIGH,2026-03-05T12:31:37,FICO_DECISION_ENGINE
DEC000162,APP000162,657,0.411,0.186,1,0,APPROVED,LOW_RISK_PROFILE,10000,MEDIUM,2025-06-17T06:27:12,FICO_DECISION_ENGINE
DEC000163,APP000163,563,0.378,0.01,0,0,DECLINED,RECENT_DELINQUENCY,0,HIGH,2026-05-17T19:39:01,FICO_DECISION_ENGINE
DEC000164,APP000164,695,0.403,0.363,0,0,MANUAL_REVIEW,POLICY_REVIEW_REQUIRED,0,MEDIUM,2025-06-15T21:30:42,FICO_DECISION_ENGINE
DEC000165,APP000165,633,0.494,0.043,2,1,APPROVED,LOW_RISK_PROFILE,5000,HIGH,2026-01-06T12:34:13,FICO_DECISION_ENGINE
DEC000166,APP000166,611,0.423,0.159,1,0,MANUAL_REVIEW,POLICY_REVIEW_REQUIRED,0,HIGH,2026-05-03T15:24:08,FICO_DECISION_ENGINE
DEC000167,APP000167,768,0.455,0.427,1,1,DECLINED,EXCESSIVE_INQUIRIES,0,LOW,2025-11-13T20:51:09,FICO_DECISION_ENGINE
DEC000168,APP000168,631,0.363,0.66,3,0,DECLINED,LOW_FICO_SCORE,0,HIGH,2026-04-22T02:45:47,FICO_DECISION_ENGINE
DEC000169,APP000169,616,0.275,0.74,0,0,APPROVED,LOW_RISK_PROFILE,5000,HIGH,2026-03-31T12:16:46,FICO_DECISION_ENGINE
DEC000170,APP000170,746,0.347,0.446,1,1,MANUAL_REVIEW,POLICY_REVIEW_REQUIRED,0,LOW,2026-04-16T18:46:54,FICO_DECISION_ENGINE
DEC000171,APP000171,602,0.303,0.153,2,0,APPROVED,LOW_RISK_PROFILE,5000,HIGH,2026-05-05T17:01:49,FICO_DECISION_ENGINE
DEC000172,APP000172,653,0.172,0.574,0,0,APPROVED,LOW_RISK_PROFILE,5000,MEDIUM,2025-12-28T11:37:23,FICO_DECISION_ENGINE
DEC000173,APP000173,625,0.289,0.468,1,0,APPROVED,LOW_RISK_PROFILE,7500,HIGH,2025-10-04T11:19:48,FICO_DECISION_ENGINE
DEC000174,APP000174,719,0.297,0.604,3,2,MANUAL_REVIEW,POLICY_REVIEW_REQUIRED,0,MEDIUM,2025-06-11T02:02:16,FICO_DECISION_ENGINE
DEC000175,APP000175,716,0.26,0.625,0,0,DECLINED,RECENT_DELINQUENCY,0,MEDIUM,2025-07-17T14:28:05,FICO_DECISION_ENGINE
DEC000176,APP000176,756,0.356,0.126,0,1,DECLINED,HIGH_DTI,0,LOW,2025-07-17T08:41:00,FICO_DECISION_ENGINE
DEC000177,APP000177,758,0.314,0.217,2,1,MANUAL_REVIEW,POLICY_REVIEW_REQUIRED,0,LOW,2025-08-13T03:54:30,FICO_DECISION_ENGINE
DEC000178,APP000178,693,0.206,0.373,4,0,MANUAL_REVIEW,POLICY_REVIEW_REQUIRED,0,MEDIUM,2026-01-30T08:58:14,FICO_DECISION_ENGINE
DEC000179,APP000179,695,0.505,0.172,0,2,APPROVED,LOW_RISK_PROFILE,10000,MEDIUM,2026-06-14T02:00:23,FICO_DECISION_ENGINE
DEC000180,APP000180,780,0.389,0.475,1,0,APPROVED,LOW_RISK_PROFILE,3000,LOW,2025-07-17T08:35:15,FICO_DECISION_ENGINE
DEC000181,APP000181,776,0.172,0.224,3,0,APPROVED,LOW_RISK_PROFILE,10000,LOW,2025-12-29T12:07:32,FICO_DECISION_ENGINE
DEC000182,APP000182,687,0.426,0.285,3,0,APPROVED,LOW_RISK_PROFILE,7500,MEDIUM,2025-09-03T22:57:07,FICO_DECISION_ENGINE
DEC000183,APP000183,563,0.419,0.261,2,0,DECLINED,EXCESSIVE_INQUIRIES,0,HIGH,2026-05-18T14:57:08,FICO_DECISION_ENGINE
DEC000184,APP000184,658,0.39,0.276,6,1,DECLINED,EXCESSIVE_INQUIRIES,0,MEDIUM,2025-12-19T13:44:42,FICO_DECISION_ENGINE
DEC000185,APP000185,625,0.221,0.535,4,2,APPROVED,LOW_RISK_PROFILE,2000,HIGH,2026-05-26T06:09:35,FICO_DECISION_ENGINE
DEC000186,APP000186,763,0.271,0.197,2,1,MANUAL_REVIEW,POLICY_REVIEW_REQUIRED,0,LOW,2025-09-06T09:42:58,FICO_DECISION_ENGINE
DEC000187,APP000187,850,0.404,0.413,2,1,DECLINED,LOW_FICO_SCORE,0,LOW,2026-01-01T06:35:02,FICO_DECISION_ENGINE
DEC000188,APP000188,775,0.293,0.257,0,0,APPROVED,LOW_RISK_PROFILE,7500,LOW,2025-11-13T14:28:35,FICO_DECISION_ENGINE
DEC000189,APP000189,692,0.327,0.705,0,0,APPROVED,LOW_RISK_PROFILE,15000,MEDIUM,2026-05-10T21:46:57,FICO_DECISION_ENGINE
DEC000190,APP000190,676,0.306,0.583,0,0,MANUAL_REVIEW,POLICY_REVIEW_REQUIRED,0,MEDIUM,2026-01-26T04:48:46,FICO_DECISION_ENGINE
DEC000191,APP000191,606,0.197,0.546,2,1,MANUAL_REVIEW,POLICY_REVIEW_REQUIRED,0,HIGH,2025-12-02T15:40:44,FICO_DECISION_ENGINE
DEC000192,APP000192,654,0.41,0.464,2,0,APPROVED,LOW_RISK_PROFILE,10000,MEDIUM,2026-05-03T23:11:47,FICO_DECISION_ENGINE
DEC000193,APP000193,564,0.351,0.745,2,0,DECLINED,RECENT_DELINQUENCY,0,HIGH,2025-11-30T20:26:25,FICO_DECISION_ENGINE
DEC000194,APP000194,762,0.352,0.284,2,0,APPROVED,LOW_RISK_PROFILE,3000,LOW,2026-05-06T21:20:29,FICO_DECISION_ENGINE
DEC000195,APP000195,555,0.168,0.739,2,0,DECLINED,RECENT_DELINQUENCY,0,HIGH,2026-05-15T04:27:46,FICO_DECISION_ENGINE
DEC000196,APP000196,749,0.237,0.14,0,4,MANUAL_REVIEW,POLICY_REVIEW_REQUIRED,0,LOW,2025-06-03T11:59:55,FICO_DECISION_ENGINE
DEC000197,APP000197,721,0.135,0.538,0,0,APPROVED,LOW_RISK_PROFILE,3000,MEDIUM,2025-06-25T23:26:15,FICO_DECISION_ENGINE
DEC000198,APP000198,717,0.27,0.01,5,0,MANUAL_REVIEW,POLICY_REVIEW_REQUIRED,0,MEDIUM,2026-06-21T23:49:06,FICO_DECISION_ENGINE
DEC000199,APP000199,614,0.328,0.216,3,0,DECLINED,HIGH_DTI,0,HIGH,2026-05-07T03:30:53,FICO_DECISION_ENGINE
DEC000200,APP000200,663,0.261,0.711,3,0,APPROVED,LOW_RISK_PROFILE,2000,MEDIUM,2026-01-05T03:24:10,FICO_DECISION_ENGINE
DEC000201,APP000201,788,0.32,0.177,1,1,APPROVED,LOW_RISK_PROFILE,3000,LOW,2025-07-11T17:24:27,FICO_DECISION_ENGINE
DEC000202,APP000202,726,0.234,0.374,4,0,APPROVED,LOW_RISK_PROFILE,5000,MEDIUM,2026-06-04T20:42:14,FICO_DECISION_ENGINE
DEC000203,APP000203,693,0.198,0.727,2,0,APPROVED,LOW_RISK_PROFILE,7500,MEDIUM,2025-11-08T21:24:04,FICO_DECISION_ENGINE
DEC000204,APP000204,631,0.143,0.028,2,2,DECLINED,RECENT_DELINQUENCY,0,HIGH,2025-07-30T00:30:23,FICO_DECISION_ENGINE
DEC000205,APP000205,784,0.295,0.496,2,0,APPROVED,LOW_RISK_PROFILE,3000,LOW,2026-04-12T13:08:26,FICO_DECISION_ENGINE
DEC000206,APP000206,721,0.38,0.462,3,0,APPROVED,LOW_RISK_PROFILE,20000,MEDIUM,2026-01-10T22:47:58,FICO_DECISION_ENGINE
DEC000207,APP000207,656,0.575,0.72,0,1,APPROVED,LOW_RISK_PROFILE,3000,MEDIUM,2026-01-17T21:19:30,FICO_DECISION_ENGINE
DEC000208,APP000208,765,0.292,0.184,0,1,APPROVED,LOW_RISK_PROFILE,3000,LOW,2025-12-22T17:43:02,FICO_DECISION_ENGINE
DEC000209,APP000209,536,0.35,0.573,0,1,DECLINED,EXCESSIVE_INQUIRIES,0,HIGH,2026-04-28T15:11:45,FICO_DECISION_ENGINE
DEC000210,APP000210,696,0.565,0.191,0,0,MANUAL_REVIEW,POLICY_REVIEW_REQUIRED,0,MEDIUM,2025-09-21T21:24:35,FICO_DECISION_ENGINE
DEC000211,APP000211,723,0.117,0.343,3,0,APPROVED,LOW_RISK_PROFILE,5000,MEDIUM,2025-12-31T23:45:47,FICO_DECISION_ENGINE
DEC000212,APP000212,795,0.05,0.531,0,0,APPROVED,LOW_RISK_PROFILE,3000,LOW,2026-02-08T11:04:25,FICO_DECISION_ENGINE
DEC000213,APP000213,687,0.458,0.523,1,0,APPROVED,LOW_RISK_PROFILE,3000,MEDIUM,2025-08-01T20:28:46,FICO_DECISION_ENGINE
DEC000214,APP000214,654,0.142,0.564,0,1,APPROVED,LOW_RISK_PROFILE,2000,MEDIUM,2026-01-21T04:03:40,FICO_DECISION_ENGINE
DEC000215,APP000215,558,0.343,0.453,3,1,DECLINED,LOW_FICO_SCORE,0,HIGH,2026-05-29T16:05:02,FICO_DECISION_ENGINE
DEC000216,APP000216,659,0.389,0.208,3,0,DECLINED,HIGH_DTI,0,MEDIUM,2026-01-29T12:26:45,FICO_DECISION_ENGINE
DEC000217,APP000217,632,0.409,0.462,0,0,APPROVED,LOW_RISK_PROFILE,20000,HIGH,2025-09-25T05:01:29,FICO_DECISION_ENGINE
DEC000218,APP000218,630,0.312,0.356,2,0,APPROVED,LOW_RISK_PROFILE,7500,HIGH,2025-12-23T06:00:23,FICO_DECISION_ENGINE
DEC000219,APP000219,762,0.235,0.151,3,1,DECLINED,EXCESSIVE_INQUIRIES,0,LOW,2025-11-08T12:33:19,FICO_DECISION_ENGINE
DEC000220,APP000220,583,0.38,0.364,1,0,DECLINED,RECENT_DELINQUENCY,0,HIGH,2026-04-29T14:44:07,FICO_DECISION_ENGINE
DEC000221,APP000221,640,0.496,0.26,5,0,DECLINED,EXCESSIVE_INQUIRIES,0,HIGH,2026-02-17T20:06:28,FICO_DECISION_ENGINE
DEC000222,APP000222,677,0.331,0.646,4,1,MANUAL_REVIEW,POLICY_REVIEW_REQUIRED,0,MEDIUM,2026-06-10T02:11:36,FICO_DECISION_ENGINE
DEC000223,APP000223,806,0.315,0.631,4,0,APPROVED,LOW_RISK_PROFILE,7500,LOW,2026-06-13T00:11:53,FICO_DECISION_ENGINE
DEC000224,APP000224,633,0.255,0.193,2,0,APPROVED,LOW_RISK_PROFILE,2000,HIGH,2026-02-22T09:01:50,FICO_DECISION_ENGINE
DEC000225,APP000225,604,0.312,0.39,0,0,APPROVED,LOW_RISK_PROFILE,5000,HIGH,2026-01-15T02:52:02,FICO_DECISION_ENGINE
DEC000226,APP000226,766,0.48,0.334,4,0,APPROVED,LOW_RISK_PROFILE,15000,LOW,2025-08-05T17:39:04,FICO_DECISION_ENGINE
DEC000227,APP000227,673,0.324,0.58,3,1,APPROVED,LOW_RISK_PROFILE,2000,MEDIUM,2025-12-27T04:01:20,FICO_DECISION_ENGINE
DEC000228,APP000228,686,0.294,0.473,2,1,APPROVED,LOW_RISK_PROFILE,2000,MEDIUM,2025-09-02T17:48:31,FICO_DECISION_ENGINE
DEC000229,APP000229,671,0.276,0.212,2,0,APPROVED,LOW_RISK_PROFILE,7500,MEDIUM,2026-02-14T23:11:06,FICO_DECISION_ENGINE
DEC000230,APP000230,625,0.295,0.11,0,0,APPROVED,LOW_RISK_PROFILE,15000,HIGH,2026-04-27T03:14:46,FICO_DECISION_ENGINE
DEC000231,APP000231,800,0.549,0.444,2,0,DECLINED,EXCESSIVE_INQUIRIES,0,LOW,2025-09-05T17:19:39,FICO_DECISION_ENGINE
DEC000232,APP000232,642,0.212,0.336,1,1,APPROVED,LOW_RISK_PROFILE,5000,HIGH,2026-03-01T22:06:49,FICO_DECISION_ENGINE
DEC000233,APP000233,689,0.396,0.544,1,1,APPROVED,LOW_RISK_PROFILE,3000,MEDIUM,2025-08-26T10:23:29,FICO_DECISION_ENGINE
DEC000234,APP000234,768,0.431,0.326,2,0,APPROVED,LOW_RISK_PROFILE,3000,LOW,2025-11-13T09:24:17,FICO_DECISION_ENGINE
DEC000235,APP000235,593,0.126,0.331,4,0,DECLINED,HIGH_DTI,0,HIGH,2025-07-04T17:38:20,FICO_DECISION_ENGINE
DEC000236,APP000236,674,0.113,0.605,2,1,APPROVED,LOW_RISK_PROFILE,2000,MEDIUM,2025-12-26T16:15:24,FICO_DECISION_ENGINE
DEC000237,APP000237,841,0.341,0.514,0,0,APPROVED,LOW_RISK_PROFILE,15000,LOW,2026-04-14T10:32:20,FICO_DECISION_ENGINE
DEC000238,APP000238,636,0.287,0.606,2,1,APPROVED,LOW_RISK_PROFILE,5000,HIGH,2026-03-16T02:33:13,FICO_DECISION_ENGINE
DEC000239,APP000239,643,0.369,0.148,3,0,APPROVED,LOW_RISK_PROFILE,5000,HIGH,2025-11-23T23:07:50,FICO_DECISION_ENGINE
DEC000240,APP000240,711,0.276,0.326,0,0,DECLINED,LOW_FICO_SCORE,0,MEDIUM,2025-08-28T15:04:00,FICO_DECISION_ENGINE
DEC000241,APP000241,718,0.232,0.401,3,1,APPROVED,LOW_RISK_PROFILE,3000,MEDIUM,2026-05-11T04:30:33,FICO_DECISION_ENGINE
DEC000242,APP000242,682,0.414,0.278,0,0,MANUAL_REVIEW,POLICY_REVIEW_REQUIRED,0,MEDIUM,2026-05-30T13:01:45,FICO_DECISION_ENGINE
DEC000243,APP000243,730,0.567,0.198,0,1,APPROVED,LOW_RISK_PROFILE,3000,MEDIUM,2026-02-08T22:05:06,FICO_DECISION_ENGINE
DEC000244,APP000244,658,0.574,0.19,0,1,APPROVED,LOW_RISK_PROFILE,3000,MEDIUM,2025-08-05T02:22:09,FICO_DECISION_ENGINE
DEC000245,APP000245,646,0.173,0.524,3,0,APPROVED,LOW_RISK_PROFILE,7500,HIGH,2026-01-19T00:05:16,FICO_DECISION_ENGINE
DEC000246,APP000246,634,0.327,0.488,2,0,APPROVED,LOW_RISK_PROFILE,7500,HIGH,2025-06-25T10:07:38,FICO_DECISION_ENGINE
DEC000247,APP000247,679,0.318,0.547,1,0,DECLINED,LOW_FICO_SCORE,0,MEDIUM,2025-11-16T11:19:58,FICO_DECISION_ENGINE
DEC000248,APP000248,544,0.245,0.53,2,1,DECLINED,EXCESSIVE_INQUIRIES,0,HIGH,2025-11-22T02:00:09,FICO_DECISION_ENGINE
DEC000249,APP000249,641,0.573,0.599,3,0,APPROVED,LOW_RISK_PROFILE,2000,HIGH,2025-07-14T02:13:30,FICO_DECISION_ENGINE
DEC000250,APP000250,655,0.341,0.238,0,0,APPROVED,LOW_RISK_PROFILE,2000,MEDIUM,2025-12-13T14:38:29,FICO_DECISION_ENGINE
DEC000251,APP000251,669,0.415,0.732,4,1,APPROVED,LOW_RISK_PROFILE,7500,MEDIUM,2026-05-12T00:57:01,FICO_DECISION_ENGINE
DEC000252,APP000252,737,0.365,0.601,2,1,APPROVED,LOW_RISK_PROFILE,3000,MEDIUM,2026-04-14T16:12:03,FICO_DECISION_ENGINE
DEC000253,APP000253,684,0.352,0.633,0,0,DECLINED,EXCESSIVE_INQUIRIES,0,MEDIUM,2025-11-06T21:58:44,FICO_DECISION_ENGINE
DEC000254,APP000254,717,0.235,0.01,4,0,DECLINED,RECENT_DELINQUENCY,0,MEDIUM,2025-09-11T23:20:37,FICO_DECISION_ENGINE
DEC000255,APP000255,580,0.405,0.552,3,0,DECLINED,HIGH_DTI,0,HIGH,2026-01-01T11:58:23,FICO_DECISION_ENGINE
DEC000256,APP000256,691,0.247,0.389,3,0,APPROVED,LOW_RISK_PROFILE,15000,MEDIUM,2026-06-12T12:04:16,FICO_DECISION_ENGINE
DEC000257,APP000257,706,0.441,0.588,2,1,APPROVED,LOW_RISK_PROFILE,2000,MEDIUM,2026-03-27T13:06:17,FICO_DECISION_ENGINE
DEC000258,APP000258,802,0.293,0.462,3,0,APPROVED,LOW_RISK_PROFILE,15000,LOW,2025-08-10T13:48:54,FICO_DECISION_ENGINE
DEC000259,APP000259,644,0.427,0.412,0,0,DECLINED,RECENT_DELINQUENCY,0,HIGH,2025-08-06T06:54:36,FICO_DECISION_ENGINE
DEC000260,APP000260,709,0.517,0.328,0,2,APPROVED,LOW_RISK_PROFILE,15000,MEDIUM,2025-10-05T01:57:21,FICO_DECISION_ENGINE
DEC000261,APP000261,649,0.33,0.01,1,0,APPROVED,LOW_RISK_PROFILE,5000,HIGH,2026-04-27T18:33:08,FICO_DECISION_ENGINE
DEC000262,APP000262,707,0.252,0.242,3,1,MANUAL_REVIEW,POLICY_REVIEW_REQUIRED,0,MEDIUM,2025-09-12T16:28:08,FICO_DECISION_ENGINE
DEC000263,APP000263,668,0.491,0.229,2,0,APPROVED,LOW_RISK_PROFILE,7500,MEDIUM,2025-07-14T04:54:19,FICO_DECISION_ENGINE
DEC000264,APP000264,685,0.589,0.637,3,0,APPROVED,LOW_RISK_PROFILE,5000,MEDIUM,2026-01-13T08:31:19,FICO_DECISION_ENGINE
DEC000265,APP000265,663,0.437,0.362,3,0,MANUAL_REVIEW,POLICY_REVIEW_REQUIRED,0,MEDIUM,2025-09-11T12:10:16,FICO_DECISION_ENGINE
DEC000266,APP000266,790,0.316,0.4,3,2,DECLINED,LOW_FICO_SCORE,0,LOW,2025-10-12T00:19:39,FICO_DECISION_ENGINE
DEC000267,APP000267,704,0.546,0.193,2,1,APPROVED,LOW_RISK_PROFILE,3000,MEDIUM,2026-02-18T05:26:50,FICO_DECISION_ENGINE
DEC000268,APP000268,647,0.182,0.596,2,0,APPROVED,LOW_RISK_PROFILE,3000,HIGH,2026-05-24T15:12:29,FICO_DECISION_ENGINE
DEC000269,APP000269,633,0.313,0.512,5,0,MANUAL_REVIEW,POLICY_REVIEW_REQUIRED,0,HIGH,2026-01-04T14:42:23,FICO_DECISION_ENGINE
DEC000270,APP000270,672,0.427,0.567,2,0,APPROVED,LOW_RISK_PROFILE,10000,MEDIUM,2026-04-05T22:08:33,FICO_DECISION_ENGINE
DEC000271,APP000271,730,0.183,0.578,3,0,APPROVED,LOW_RISK_PROFILE,3000,MEDIUM,2025-07-24T20:09:15,FICO_DECISION_ENGINE
DEC000272,APP000272,656,0.05,0.561,5,1,DECLINED,HIGH_DTI,0,MEDIUM,2025-08-27T11:54:07,FICO_DECISION_ENGINE
DEC000273,APP000273,670,0.274,0.503,0,0,APPROVED,LOW_RISK_PROFILE,5000,MEDIUM,2025-09-14T11:16:41,FICO_DECISION_ENGINE
DEC000274,APP000274,788,0.445,0.259,0,0,APPROVED,LOW_RISK_PROFILE,5000,LOW,2025-10-05T19:09:30,FICO_DECISION_ENGINE
DEC000275,APP000275,775,0.216,0.515,0,1,APPROVED,LOW_RISK_PROFILE,3000,LOW,2025-08-29T15:07:12,FICO_DECISION_ENGINE
DEC000276,APP000276,767,0.505,0.408,2,0,APPROVED,LOW_RISK_PROFILE,7500,LOW,2025-07-05T07:55:29,FICO_DECISION_ENGINE
DEC000277,APP000277,689,0.213,0.387,2,0,APPROVED,LOW_RISK_PROFILE,15000,MEDIUM,2025-07-08T23:16:19,FICO_DECISION_ENGINE
DEC000278,APP000278,695,0.408,0.063,1,1,APPROVED,LOW_RISK_PROFILE,3000,MEDIUM,2026-03-08T23:56:35,FICO_DECISION_ENGINE
DEC000279,APP000279,724,0.441,0.347,2,0,APPROVED,LOW_RISK_PROFILE,15000,MEDIUM,2026-05-10T00:25:36,FICO_DECISION_ENGINE
DEC000280,APP000280,649,0.564,0.01,2,0,APPROVED,LOW_RISK_PROFILE,2000,HIGH,2025-11-05T16:10:20,FICO_DECISION_ENGINE
DEC000281,APP000281,725,0.106,0.328,2,0,APPROVED,LOW_RISK_PROFILE,3000,MEDIUM,2025-09-07T02:19:21,FICO_DECISION_ENGINE
DEC000282,APP000282,705,0.33,0.384,2,0,APPROVED,LOW_RISK_PROFILE,2000,MEDIUM,2025-09-27T07:47:09,FICO_DECISION_ENGINE
DEC000283,APP000283,491,0.341,0.639,1,0,DECLINED,RECENT_DELINQUENCY,0,HIGH,2025-09-20T14:59:24,FICO_DECISION_ENGINE
DEC000284,APP000284,650,0.162,0.766,0,0,APPROVED,LOW_RISK_PROFILE,5000,MEDIUM,2025-12-16T04:50:26,FICO_DECISION_ENGINE
DEC000285,APP000285,586,0.155,0.423,1,1,DECLINED,EXCESSIVE_INQUIRIES,0,HIGH,2026-05-27T00:29:40,FICO_DECISION_ENGINE
DEC000286,APP000286,599,0.626,0.131,3,0,DECLINED,HIGH_DTI,0,HIGH,2025-08-17T13:41:26,FICO_DECISION_ENGINE
DEC000287,APP000287,657,0.254,0.337,5,0,APPROVED,LOW_RISK_PROFILE,10000,MEDIUM,2026-04-26T01:27:03,FICO_DECISION_ENGINE
DEC000288,APP000288,732,0.479,0.391,3,0,MANUAL_REVIEW,POLICY_REVIEW_REQUIRED,0,MEDIUM,2025-09-02T16:06:38,FICO_DECISION_ENGINE
DEC000289,APP000289,692,0.392,0.383,1,0,APPROVED,LOW_RISK_PROFILE,7500,MEDIUM,2025-08-28T21:35:16,FICO_DECISION_ENGINE
DEC000290,APP000290,642,0.235,0.538,3,0,APPROVED,LOW_RISK_PROFILE,3000,HIGH,2026-02-02T02:55:49,FICO_DECISION_ENGINE
DEC000291,APP000291,651,0.314,0.357,1,1,APPROVED,LOW_RISK_PROFILE,10000,MEDIUM,2025-11-01T21:40:29,FICO_DECISION_ENGINE
DEC000292,APP000292,771,0.616,0.374,0,1,DECLINED,LOW_FICO_SCORE,0,LOW,2026-02-12T13:38:27,FICO_DECISION_ENGINE
DEC000293,APP000293,747,0.528,0.412,5,0,DECLINED,RECENT_DELINQUENCY,0,LOW,2025-06-20T04:33:25,FICO_DECISION_ENGINE
DEC000294,APP000294,629,0.343,0.32,4,1,DECLINED,HIGH_DTI,0,HIGH,2026-04-30T14:02:20,FICO_DECISION_ENGINE
DEC000295,APP000295,561,0.148,0.448,2,0,MANUAL_REVIEW,POLICY_REVIEW_REQUIRED,0,HIGH,2026-01-20T05:23:11,FICO_DECISION_ENGINE
DEC000296,APP000296,597,0.409,0.19,3,0,DECLINED,RECENT_DELINQUENCY,0,HIGH,2025-07-12T18:53:38,FICO_DECISION_ENGINE
DEC000297,APP000297,585,0.238,0.494,2,0,DECLINED,HIGH_DTI,0,HIGH,2026-06-08T03:15:11,FICO_DECISION_ENGINE
DEC000298,APP000298,794,0.223,0.616,3,0,APPROVED,LOW_RISK_PROFILE,5000,LOW,2025-07-20T02:32:52,FICO_DECISION_ENGINE
DEC000299,APP000299,689,0.103,0.559,4,2,MANUAL_REVIEW,POLICY_REVIEW_REQUIRED,0,MEDIUM,2025-09-17T06:46:53,FICO_DECISION_ENGINE
DEC000300,APP000300,639,0.374,0.437,2,1,APPROVED,LOW_RISK_PROFILE,2000,HIGH,2025-07-11T10:40:22,FICO_DECISION_ENGINE
DEC000301,APP000301,706,0.218,0.387,0,0,DECLINED,EXCESSIVE_INQUIRIES,0,MEDIUM,2025-06-22T03:32:17,FICO_DECISION_ENGINE
DEC000302,APP000302,764,0.519,0.457,1,0,APPROVED,LOW_RISK_PROFILE,3000,LOW,2026-05-16T12:29:40,FICO_DECISION_ENGINE
DEC000303,APP000303,725,0.263,0.222,1,0,APPROVED,LOW_RISK_PROFILE,10000,MEDIUM,2025-08-11T00:57:11,FICO_DECISION_ENGINE
DEC000304,APP000304,756,0.276,0.284,3,0,APPROVED,LOW_RISK_PROFILE,10000,LOW,2025-12-02T01:40:42,FICO_DECISION_ENGINE
DEC000305,APP000305,738,0.463,0.305,0,0,DECLINED,EXCESSIVE_INQUIRIES,0,MEDIUM,2025-10-29T22:06:45,FICO_DECISION_ENGINE
DEC000306,APP000306,689,0.246,0.832,1,1,DECLINED,EXCESSIVE_INQUIRIES,0,MEDIUM,2026-01-15T04:12:46,FICO_DECISION_ENGINE
DEC000307,APP000307,699,0.439,0.487,0,0,APPROVED,LOW_RISK_PROFILE,3000,MEDIUM,2025-11-15T13:58:47,FICO_DECISION_ENGINE
DEC000308,APP000308,714,0.192,0.215,4,0,DECLINED,EXCESSIVE_INQUIRIES,0,MEDIUM,2026-04-04T02:21:46,FICO_DECISION_ENGINE
DEC000309,APP000309,735,0.416,0.654,1,0,APPROVED,LOW_RISK_PROFILE,5000,MEDIUM,2025-10-11T04:13:32,FICO_DECISION_ENGINE
DEC000310,APP000310,659,0.371,0.368,0,0,DECLINED,HIGH_DTI,0,MEDIUM,2025-09-06T14:08:09,FICO_DECISION_ENGINE
DEC000311,APP000311,641,0.559,0.362,1,1,APPROVED,LOW_RISK_PROFILE,20000,HIGH,2025-06-05T19:37:21,FICO_DECISION_ENGINE
DEC000312,APP000312,656,0.176,0.572,1,0,MANUAL_REVIEW,POLICY_REVIEW_REQUIRED,0,MEDIUM,2025-08-03T09:58:04,FICO_DECISION_ENGINE
DEC000313,APP000313,732,0.303,0.474,1,0,APPROVED,LOW_RISK_PROFILE,5000,MEDIUM,2026-06-02T07:41:30,FICO_DECISION_ENGINE
DEC000314,APP000314,563,0.217,0.712,3,0,DECLINED,EXCESSIVE_INQUIRIES,0,HIGH,2026-01-29T12:41:06,FICO_DECISION_ENGINE
DEC000315,APP000315,749,0.174,0.61,1,0,APPROVED,LOW_RISK_PROFILE,5000,LOW,2025-11-13T21:08:19,FICO_DECISION_ENGINE
DEC000316,APP000316,766,0.076,0.3,5,0,APPROVED,LOW_RISK_PROFILE,5000,LOW,2026-03-22T03:43:43,FICO_DECISION_ENGINE
DEC000317,APP000317,691,0.405,0.309,0,0,DECLINED,LOW_FICO_SCORE,0,MEDIUM,2025-08-16T22:50:38,FICO_DECISION_ENGINE
DEC000318,APP000318,667,0.269,0.467,0,0,APPROVED,LOW_RISK_PROFILE,5000,MEDIUM,2026-04-29T13:55:48,FICO_DECISION_ENGINE
DEC000319,APP000319,721,0.476,0.328,1,0,APPROVED,LOW_RISK_PROFILE,10000,MEDIUM,2026-06-17T03:26:57,FICO_DECISION_ENGINE
DEC000320,APP000320,677,0.495,0.319,4,2,APPROVED,LOW_RISK_PROFILE,5000,MEDIUM,2026-03-27T19:38:54,FICO_DECISION_ENGINE
DEC000321,APP000321,734,0.482,0.646,2,0,APPROVED,LOW_RISK_PROFILE,3000,MEDIUM,2025-08-05T20:56:39,FICO_DECISION_ENGINE
DEC000322,APP000322,680,0.18,0.181,3,0,MANUAL_REVIEW,POLICY_REVIEW_REQUIRED,0,MEDIUM,2026-02-21T10:42:14,FICO_DECISION_ENGINE
DEC000323,APP000323,679,0.306,0.496,3,0,APPROVED,LOW_RISK_PROFILE,15000,MEDIUM,2026-02-17T07:38:52,FICO_DECISION_ENGINE
DEC000324,APP000324,654,0.448,0.487,1,1,APPROVED,LOW_RISK_PROFILE,7500,MEDIUM,2025-10-09T09:29:46,FICO_DECISION_ENGINE
DEC000325,APP000325,603,0.267,0.486,1,0,DECLINED,LOW_FICO_SCORE,0,HIGH,2026-04-27T07:02:06,FICO_DECISION_ENGINE
DEC000326,APP000326,638,0.466,0.525,3,1,APPROVED,LOW_RISK_PROFILE,2000,HIGH,2025-07-10T09:50:40,FICO_DECISION_ENGINE
DEC000327,APP000327,737,0.527,0.165,1,2,DECLINED,RECENT_DELINQUENCY,0,MEDIUM,2025-09-22T13:48:26,FICO_DECISION_ENGINE
DEC000328,APP000328,695,0.439,0.093,5,0,APPROVED,LOW_RISK_PROFILE,5000,MEDIUM,2025-06-25T06:14:02,FICO_DECISION_ENGINE
DEC000329,APP000329,674,0.629,0.462,1,0,DECLINED,HIGH_DTI,0,MEDIUM,2025-08-13T13:48:27,FICO_DECISION_ENGINE
DEC000330,APP000330,593,0.491,0.01,1,0,DECLINED,LOW_FICO_SCORE,0,HIGH,2026-01-26T18:17:48,FICO_DECISION_ENGINE
DEC000331,APP000331,732,0.385,0.551,4,1,MANUAL_REVIEW,POLICY_REVIEW_REQUIRED,0,MEDIUM,2025-11-08T03:17:49,FICO_DECISION_ENGINE
DEC000332,APP000332,717,0.05,0.21,1,1,APPROVED,LOW_RISK_PROFILE,7500,MEDIUM,2026-02-16T04:58:26,FICO_DECISION_ENGINE
DEC000333,APP000333,758,0.377,0.447,4,2,APPROVED,LOW_RISK_PROFILE,15000,LOW,2026-05-05T19:13:58,FICO_DECISION_ENGINE
DEC000334,APP000334,549,0.425,0.327,1,0,DECLINED,EXCESSIVE_INQUIRIES,0,HIGH,2025-08-27T13:36:05,FICO_DECISION_ENGINE
DEC000335,APP000335,648,0.302,0.177,0,2,APPROVED,LOW_RISK_PROFILE,10000,HIGH,2025-09-18T00:06:12,FICO_DECISION_ENGINE
DEC000336,APP000336,594,0.404,0.483,1,0,DECLINED,HIGH_DTI,0,HIGH,2025-11-29T03:54:59,FICO_DECISION_ENGINE
DEC000337,APP000337,689,0.487,0.603,0,1,APPROVED,LOW_RISK_PROFILE,3000,MEDIUM,2026-02-05T00:16:30,FICO_DECISION_ENGINE
DEC000338,APP000338,639,0.325,0.495,3,0,APPROVED,LOW_RISK_PROFILE,2000,HIGH,2026-05-30T07:13:59,FICO_DECISION_ENGINE
DEC000339,APP000339,677,0.228,0.01,2,0,DECLINED,HIGH_DTI,0,MEDIUM,2026-03-09T18:02:50,FICO_DECISION_ENGINE
DEC000340,APP000340,688,0.328,0.35,2,0,DECLINED,LOW_FICO_SCORE,0,MEDIUM,2025-07-26T00:47:08,FICO_DECISION_ENGINE
DEC000341,APP000341,693,0.242,0.411,3,1,MANUAL_REVIEW,POLICY_REVIEW_REQUIRED,0,MEDIUM,2025-10-27T10:17:03,FICO_DECISION_ENGINE
DEC000342,APP000342,800,0.352,0.137,1,0,APPROVED,LOW_RISK_PROFILE,7500,LOW,2026-01-06T07:14:47,FICO_DECISION_ENGINE
DEC000343,APP000343,733,0.35,0.103,3,0,MANUAL_REVIEW,POLICY_REVIEW_REQUIRED,0,MEDIUM,2025-10-19T07:00:33,FICO_DECISION_ENGINE
DEC000344,APP000344,674,0.272,0.571,0,0,APPROVED,LOW_RISK_PROFILE,7500,MEDIUM,2026-02-01T02:14:33,FICO_DECISION_ENGINE
DEC000345,APP000345,550,0.39,0.59,3,0,DECLINED,LOW_FICO_SCORE,0,HIGH,2026-06-17T11:44:05,FICO_DECISION_ENGINE
DEC000346,APP000346,670,0.419,0.266,0,0,APPROVED,LOW_RISK_PROFILE,5000,MEDIUM,2025-08-06T12:03:59,FICO_DECISION_ENGINE
DEC000347,APP000347,567,0.192,0.282,1,0,DECLINED,RECENT_DELINQUENCY,0,HIGH,2026-06-16T21:55:22,FICO_DECISION_ENGINE
DEC000348,APP000348,547,0.379,0.565,2,0,MANUAL_REVIEW,POLICY_REVIEW_REQUIRED,0,HIGH,2026-01-29T07:22:01,FICO_DECISION_ENGINE
DEC000349,APP000349,741,0.434,0.748,0,0,APPROVED,LOW_RISK_PROFILE,5000,LOW,2025-12-05T16:21:13,FICO_DECISION_ENGINE
DEC000350,APP000350,656,0.18,0.403,2,0,APPROVED,LOW_RISK_PROFILE,15000,MEDIUM,2026-05-22T06:56:18,FICO_DECISION_ENGINE
DEC000351,APP000351,682,0.331,0.091,4,0,APPROVED,LOW_RISK_PROFILE,10000,MEDIUM,2025-06-02T05:50:09,FICO_DECISION_ENGINE
DEC000352,APP000352,687,0.142,0.515,0,0,MANUAL_REVIEW,POLICY_REVIEW_REQUIRED,0,MEDIUM,2026-03-01T08:41:46,FICO_DECISION_ENGINE
DEC000353,APP000353,635,0.192,0.802,3,0,APPROVED,LOW_RISK_PROFILE,2000,HIGH,2025-09-16T19:28:43,FICO_DECISION_ENGINE
DEC000354,APP000354,645,0.419,0.366,1,1,MANUAL_REVIEW,POLICY_REVIEW_REQUIRED,0,HIGH,2025-06-06T12:56:47,FICO_DECISION_ENGINE
DEC000355,APP000355,753,0.206,0.439,0,0,APPROVED,LOW_RISK_PROFILE,10000,LOW,2026-06-17T13:54:47,FICO_DECISION_ENGINE
DEC000356,APP000356,740,0.109,0.642,3,1,MANUAL_REVIEW,POLICY_REVIEW_REQUIRED,0,LOW,2026-02-01T03:26:03,FICO_DECISION_ENGINE
DEC000357,APP000357,730,0.159,0.213,2,0,APPROVED,LOW_RISK_PROFILE,3000,MEDIUM,2025-06-11T11:17:46,FICO_DECISION_ENGINE
DEC000358,APP000358,721,0.442,0.363,0,0,APPROVED,LOW_RISK_PROFILE,2000,MEDIUM,2025-12-11T13:59:25,FICO_DECISION_ENGINE
DEC000359,APP000359,720,0.376,0.479,2,0,APPROVED,LOW_RISK_PROFILE,15000,MEDIUM,2026-03-05T12:19:21,FICO_DECISION_ENGINE
DEC000360,APP000360,638,0.557,0.415,4,0,APPROVED,LOW_RISK_PROFILE,10000,HIGH,2025-06-23T03:45:31,FICO_DECISION_ENGINE
DEC000361,APP000361,704,0.283,0.811,2,0,APPROVED,LOW_RISK_PROFILE,3000,MEDIUM,2026-05-17T14:01:12,FICO_DECISION_ENGINE
DEC000362,APP000362,786,0.298,0.601,3,0,APPROVED,LOW_RISK_PROFILE,7500,LOW,2025-08-17T06:29:36,FICO_DECISION_ENGINE
DEC000363,APP000363,805,0.066,0.54,2,0,APPROVED,LOW_RISK_PROFILE,3000,LOW,2025-10-14T02:46:58,FICO_DECISION_ENGINE
DEC000364,APP000364,746,0.249,0.473,3,0,APPROVED,LOW_RISK_PROFILE,3000,LOW,2025-11-13T04:39:19,FICO_DECISION_ENGINE
DEC000365,APP000365,571,0.291,0.178,0,1,DECLINED,HIGH_DTI,0,HIGH,2026-02-10T19:38:24,FICO_DECISION_ENGINE
DEC000366,APP000366,730,0.364,0.23,2,0,APPROVED,LOW_RISK_PROFILE,2000,MEDIUM,2025-09-29T13:10:54,FICO_DECISION_ENGINE
DEC000367,APP000367,700,0.301,0.354,5,2,APPROVED,LOW_RISK_PROFILE,3000,MEDIUM,2026-03-10T15:20:39,FICO_DECISION_ENGINE
DEC000368,APP000368,629,0.305,0.531,2,1,DECLINED,HIGH_DTI,0,HIGH,2026-04-01T05:46:33,FICO_DECISION_ENGINE
DEC000369,APP000369,587,0.379,0.507,0,0,DECLINED,LOW_FICO_SCORE,0,HIGH,2025-08-11T19:13:31,FICO_DECISION_ENGINE
DEC000370,APP000370,692,0.231,0.34,3,1,DECLINED,RECENT_DELINQUENCY,0,MEDIUM,2025-08-28T18:19:57,FICO_DECISION_ENGINE
DEC000371,APP000371,575,0.562,0.597,2,0,DECLINED,LOW_FICO_SCORE,0,HIGH,2025-08-20T09:55:17,FICO_DECISION_ENGINE
DEC000372,APP000372,712,0.235,0.475,3,1,APPROVED,LOW_RISK_PROFILE,3000,MEDIUM,2026-01-31T11:24:24,FICO_DECISION_ENGINE
DEC000373,APP000373,770,0.41,0.14,2,0,APPROVED,LOW_RISK_PROFILE,10000,LOW,2025-10-23T05:55:44,FICO_DECISION_ENGINE
DEC000374,APP000374,660,0.555,0.35,1,1,APPROVED,LOW_RISK_PROFILE,5000,MEDIUM,2025-11-09T03:24:23,FICO_DECISION_ENGINE
DEC000375,APP000375,703,0.271,0.075,0,0,APPROVED,LOW_RISK_PROFILE,2000,MEDIUM,2026-06-15T18:21:33,FICO_DECISION_ENGINE
DEC000376,APP000376,624,0.517,0.377,6,0,DECLINED,EXCESSIVE_INQUIRIES,0,HIGH,2025-09-19T23:49:26,FICO_DECISION_ENGINE
DEC000377,APP000377,789,0.391,0.683,1,0,MANUAL_REVIEW,POLICY_REVIEW_REQUIRED,0,LOW,2025-10-27T13:08:28,FICO_DECISION_ENGINE
DEC000378,APP000378,688,0.05,0.326,0,0,APPROVED,LOW_RISK_PROFILE,3000,MEDIUM,2025-07-20T00:33:00,FICO_DECISION_ENGINE
DEC000379,APP000379,686,0.487,0.345,2,2,APPROVED,LOW_RISK_PROFILE,3000,MEDIUM,2025-07-07T06:32:29,FICO_DECISION_ENGINE
DEC000380,APP000380,661,0.159,0.487,2,0,APPROVED,LOW_RISK_PROFILE,7500,MEDIUM,2026-04-14T04:42:20,FICO_DECISION_ENGINE
DEC000381,APP000381,722,0.254,0.588,3,1,APPROVED,LOW_RISK_PROFILE,2000,MEDIUM,2025-10-04T20:25:50,FICO_DECISION_ENGINE
DEC000382,APP000382,718,0.376,0.99,3,0,APPROVED,LOW_RISK_PROFILE,3000,MEDIUM,2025-09-01T03:57:42,FICO_DECISION_ENGINE
DEC000383,APP000383,776,0.374,0.273,0,1,APPROVED,LOW_RISK_PROFILE,3000,LOW,2026-04-24T07:46:47,FICO_DECISION_ENGINE
DEC000384,APP000384,742,0.249,0.016,3,0,APPROVED,LOW_RISK_PROFILE,2000,LOW,2025-07-13T05:10:11,FICO_DECISION_ENGINE
DEC000385,APP000385,650,0.45,0.574,0,0,APPROVED,LOW_RISK_PROFILE,3000,MEDIUM,2026-06-21T10:49:49,FICO_DECISION_ENGINE
DEC000386,APP000386,775,0.17,0.287,6,1,DECLINED,LOW_FICO_SCORE,0,LOW,2026-05-08T21:04:03,FICO_DECISION_ENGINE
DEC000387,APP000387,820,0.565,0.629,0,1,DECLINED,EXCESSIVE_INQUIRIES,0,LOW,2026-01-21T05:23:33,FICO_DECISION_ENGINE
DEC000388,APP000388,691,0.338,0.084,1,0,DECLINED,RECENT_DELINQUENCY,0,MEDIUM,2026-03-24T03:33:19,FICO_DECISION_ENGINE
DEC000389,APP000389,694,0.318,0.619,3,0,DECLINED,EXCESSIVE_INQUIRIES,0,MEDIUM,2025-09-06T21:01:00,FICO_DECISION_ENGINE
DEC000390,APP000390,615,0.456,0.311,1,1,APPROVED,LOW_RISK_PROFILE,5000,HIGH,2025-11-28T19:46:19,FICO_DECISION_ENGINE
DEC000391,APP000391,644,0.05,0.735,2,0,APPROVED,LOW_RISK_PROFILE,10000,HIGH,2026-05-19T15:57:02,FICO_DECISION_ENGINE
DEC000392,APP000392,754,0.214,0.747,0,0,APPROVED,LOW_RISK_PROFILE,10000,LOW,2026-02-13T21:10:09,FICO_DECISION_ENGINE
DEC000393,APP000393,705,0.188,0.258,1,1,MANUAL_REVIEW,POLICY_REVIEW_REQUIRED,0,MEDIUM,2026-04-27T14:25:10,FICO_DECISION_ENGINE
DEC000394,APP000394,821,0.412,0.072,3,1,DECLINED,HIGH_DTI,0,LOW,2025-12-30T01:12:36,FICO_DECISION_ENGINE
DEC000395,APP000395,641,0.253,0.01,6,1,APPROVED,LOW_RISK_PROFILE,7500,HIGH,2025-10-02T20:14:24,FICO_DECISION_ENGINE
DEC000396,APP000396,756,0.186,0.176,0,1,APPROVED,LOW_RISK_PROFILE,7500,LOW,2026-05-30T04:36:19,FICO_DECISION_ENGINE
DEC000397,APP000397,629,0.23,0.731,4,0,MANUAL_REVIEW,POLICY_REVIEW_REQUIRED,0,HIGH,2026-04-18T21:37:24,FICO_DECISION_ENGINE
DEC000398,APP000398,706,0.427,0.377,1,0,DECLINED,RECENT_DELINQUENCY,0,MEDIUM,2025-12-01T06:48:57,FICO_DECISION_ENGINE
DEC000399,APP000399,850,0.395,0.502,2,0,APPROVED,LOW_RISK_PROFILE,3000,LOW,2025-10-19T03:01:38,FICO_DECISION_ENGINE
DEC000400,APP000400,675,0.211,0.312,3,0,APPROVED,LOW_RISK_PROFILE,7500,MEDIUM,2025-12-18T03:41:17,FICO_DECISION_ENGINE
DEC000401,APP000401,734,0.42,0.394,0,2,APPROVED,LOW_RISK_PROFILE,5000,MEDIUM,2026-03-18T22:59:10,FICO_DECISION_ENGINE
DEC000402,APP000402,686,0.408,0.535,3,0,DECLINED,RECENT_DELINQUENCY,0,MEDIUM,2026-06-25T05:33:24,FICO_DECISION_ENGINE
DEC000403,APP000403,638,0.305,0.209,2,0,APPROVED,LOW_RISK_PROFILE,5000,HIGH,2025-09-11T03:21:20,FICO_DECISION_ENGINE
DEC000404,APP000404,684,0.484,0.269,1,1,DECLINED,LOW_FICO_SCORE,0,MEDIUM,2026-03-28T11:21:58,FICO_DECISION_ENGINE
DEC000405,APP000405,625,0.471,0.644,3,0,DECLINED,RECENT_DELINQUENCY,0,HIGH,2026-01-06T07:17:08,FICO_DECISION_ENGINE
DEC000406,APP000406,706,0.265,0.549,2,0,APPROVED,LOW_RISK_PROFILE,3000,MEDIUM,2025-07-29T06:33:41,FICO_DECISION_ENGINE
DEC000407,APP000407,757,0.241,0.318,0,1,APPROVED,LOW_RISK_PROFILE,3000,LOW,2025-09-18T16:58:03,FICO_DECISION_ENGINE
DEC000408,APP000408,684,0.353,0.412,2,0,APPROVED,LOW_RISK_PROFILE,10000,MEDIUM,2026-01-09T11:34:28,FICO_DECISION_ENGINE
DEC000409,APP000409,707,0.173,0.765,4,0,APPROVED,LOW_RISK_PROFILE,2000,MEDIUM,2025-06-11T10:23:48,FICO_DECISION_ENGINE
DEC000410,APP000410,814,0.343,0.35,0,0,APPROVED,LOW_RISK_PROFILE,5000,LOW,2025-12-30T10:58:11,FICO_DECISION_ENGINE
DEC000411,APP000411,698,0.346,0.328,3,0,APPROVED,LOW_RISK_PROFILE,2000,MEDIUM,2026-04-13T03:45:14,FICO_DECISION_ENGINE
DEC000412,APP000412,625,0.444,0.172,2,0,APPROVED,LOW_RISK_PROFILE,2000,HIGH,2025-06-23T04:02:21,FICO_DECISION_ENGINE
DEC000413,APP000413,627,0.194,0.18,0,0,APPROVED,LOW_RISK_PROFILE,5000,HIGH,2026-06-21T21:17:05,FICO_DECISION_ENGINE
DEC000414,APP000414,700,0.226,0.488,0,0,MANUAL_REVIEW,POLICY_REVIEW_REQUIRED,0,MEDIUM,2025-11-28T20:20:33,FICO_DECISION_ENGINE
DEC000415,APP000415,701,0.397,0.02,2,1,DECLINED,EXCESSIVE_INQUIRIES,0,MEDIUM,2026-05-10T07:53:33,FICO_DECISION_ENGINE
DEC000416,APP000416,667,0.451,0.492,1,0,APPROVED,LOW_RISK_PROFILE,3000,MEDIUM,2026-02-14T03:51:14,FICO_DECISION_ENGINE
DEC000417,APP000417,766,0.189,0.429,2,2,DECLINED,RECENT_DELINQUENCY,0,LOW,2026-04-28T03:43:31,FICO_DECISION_ENGINE
DEC000418,APP000418,704,0.371,0.486,3,0,APPROVED,LOW_RISK_PROFILE,3000,MEDIUM,2026-03-09T03:03:51,FICO_DECISION_ENGINE
DEC000419,APP000419,675,0.515,0.554,1,0,APPROVED,LOW_RISK_PROFILE,3000,MEDIUM,2025-09-05T14:39:48,FICO_DECISION_ENGINE
DEC000420,APP000420,705,0.312,0.603,0,1,MANUAL_REVIEW,POLICY_REVIEW_REQUIRED,0,MEDIUM,2025-10-20T08:15:47,FICO_DECISION_ENGINE
DEC000421,APP000421,669,0.51,0.1,2,0,APPROVED,LOW_RISK_PROFILE,5000,MEDIUM,2025-08-27T07:26:12,FICO_DECISION_ENGINE
DEC000422,APP000422,687,0.271,0.481,0,2,MANUAL_REVIEW,POLICY_REVIEW_REQUIRED,0,MEDIUM,2025-11-18T16:35:53,FICO_DECISION_ENGINE
DEC000423,APP000423,624,0.265,0.519,2,0,MANUAL_REVIEW,POLICY_REVIEW_REQUIRED,0,HIGH,2025-06-05T21:38:45,FICO_DECISION_ENGINE
DEC000424,APP000424,613,0.53,0.609,4,0,APPROVED,LOW_RISK_PROFILE,20000,HIGH,2025-08-25T05:20:45,FICO_DECISION_ENGINE
DEC000425,APP000425,777,0.198,0.329,4,0,APPROVED,LOW_RISK_PROFILE,3000,LOW,2025-11-28T10:59:12,FICO_DECISION_ENGINE
DEC000426,APP000426,672,0.163,0.467,0,0,APPROVED,LOW_RISK_PROFILE,2000,MEDIUM,2025-11-30T18:08:53,FICO_DECISION_ENGINE
DEC000427,APP000427,557,0.174,0.137,2,1,DECLINED,EXCESSIVE_INQUIRIES,0,HIGH,2025-10-14T12:43:02,FICO_DECISION_ENGINE
DEC000428,APP000428,641,0.142,0.434,2,0,MANUAL_REVIEW,POLICY_REVIEW_REQUIRED,0,HIGH,2025-11-25T10:31:14,FICO_DECISION_ENGINE
DEC000429,APP000429,739,0.383,0.457,0,0,APPROVED,LOW_RISK_PROFILE,7500,MEDIUM,2025-08-23T11:04:15,FICO_DECISION_ENGINE
DEC000430,APP000430,660,0.227,0.48,0,0,APPROVED,LOW_RISK_PROFILE,10000,MEDIUM,2025-11-27T10:19:14,FICO_DECISION_ENGINE
DEC000431,APP000431,645,0.237,0.398,3,0,APPROVED,LOW_RISK_PROFILE,3000,HIGH,2026-01-29T12:55:38,FICO_DECISION_ENGINE
DEC000432,APP000432,744,0.236,0.542,1,1,DECLINED,HIGH_DTI,0,LOW,2025-09-11T09:06:59,FICO_DECISION_ENGINE
DEC000433,APP000433,637,0.38,0.203,4,0,APPROVED,LOW_RISK_PROFILE,3000,HIGH,2026-01-10T03:30:48,FICO_DECISION_ENGINE
DEC000434,APP000434,703,0.23,0.115,1,0,MANUAL_REVIEW,POLICY_REVIEW_REQUIRED,0,MEDIUM,2025-08-11T22:24:47,FICO_DECISION_ENGINE
DEC000435,APP000435,668,0.351,0.304,5,1,APPROVED,LOW_RISK_PROFILE,7500,MEDIUM,2025-12-24T00:14:13,FICO_DECISION_ENGINE
DEC000436,APP000436,642,0.423,0.668,2,1,APPROVED,LOW_RISK_PROFILE,15000,HIGH,2026-03-27T18:37:21,FICO_DECISION_ENGINE
DEC000437,APP000437,697,0.386,0.26,4,2,APPROVED,LOW_RISK_PROFILE,10000,MEDIUM,2025-06-04T17:40:29,FICO_DECISION_ENGINE
DEC000438,APP000438,683,0.429,0.138,0,1,MANUAL_REVIEW,POLICY_REVIEW_REQUIRED,0,MEDIUM,2026-02-03T06:42:19,FICO_DECISION_ENGINE
DEC000439,APP000439,757,0.507,0.368,2,1,APPROVED,LOW_RISK_PROFILE,2000,LOW,2025-08-14T23:11:13,FICO_DECISION_ENGINE
DEC000440,APP000440,648,0.369,0.509,1,0,APPROVED,LOW_RISK_PROFILE,3000,HIGH,2026-05-24T03:55:07,FICO_DECISION_ENGINE
DEC000441,APP000441,681,0.345,0.498,3,1,MANUAL_REVIEW,POLICY_REVIEW_REQUIRED,0,MEDIUM,2025-11-29T05:05:08,FICO_DECISION_ENGINE
DEC000442,APP000442,655,0.216,0.678,4,0,DECLINED,RECENT_DELINQUENCY,0,MEDIUM,2025-07-03T06:22:02,FICO_DECISION_ENGINE
DEC000443,APP000443,657,0.289,0.326,1,0,DECLINED,RECENT_DELINQUENCY,0,MEDIUM,2026-04-27T17:38:00,FICO_DECISION_ENGINE
DEC000444,APP000444,647,0.386,0.464,1,0,MANUAL_REVIEW,POLICY_REVIEW_REQUIRED,0,HIGH,2025-12-24T02:28:18,FICO_DECISION_ENGINE
DEC000445,APP000445,681,0.213,0.551,6,0,APPROVED,LOW_RISK_PROFILE,2000,MEDIUM,2025-09-27T08:37:03,FICO_DECISION_ENGINE
DEC000446,APP000446,708,0.509,0.555,2,0,APPROVED,LOW_RISK_PROFILE,5000,MEDIUM,2025-07-26T16:22:27,FICO_DECISION_ENGINE
DEC000447,APP000447,724,0.567,0.199,3,0,APPROVED,LOW_RISK_PROFILE,15000,MEDIUM,2025-06-13T22:55:47,FICO_DECISION_ENGINE
DEC000448,APP000448,734,0.218,0.179,2,1,DECLINED,EXCESSIVE_INQUIRIES,0,MEDIUM,2025-09-15T20:47:20,FICO_DECISION_ENGINE
DEC000449,APP000449,701,0.233,0.266,3,0,APPROVED,LOW_RISK_PROFILE,2000,MEDIUM,2025-07-07T20:43:52,FICO_DECISION_ENGINE
DEC000450,APP000450,655,0.479,0.45,1,0,DECLINED,EXCESSIVE_INQUIRIES,0,MEDIUM,2026-03-01T20:57:27,FICO_DECISION_ENGINE
DEC000451,APP000451,685,0.457,0.099,2,0,MANUAL_REVIEW,POLICY_REVIEW_REQUIRED,0,MEDIUM,2025-06-16T01:10:38,FICO_DECISION_ENGINE
DEC000452,APP000452,659,0.507,0.357,0,0,MANUAL_REVIEW,POLICY_REVIEW_REQUIRED,0,MEDIUM,2026-02-08T02:40:33,FICO_DECISION_ENGINE
DEC000453,APP000453,738,0.306,0.12,2,0,APPROVED,LOW_RISK_PROFILE,3000,MEDIUM,2026-04-10T02:56:33,FICO_DECISION_ENGINE
DEC000454,APP000454,685,0.55,0.21,3,0,APPROVED,LOW_RISK_PROFILE,10000,MEDIUM,2025-12-12T00:39:46,FICO_DECISION_ENGINE
DEC000455,APP000455,699,0.512,0.681,2,1,APPROVED,LOW_RISK_PROFILE,2000,MEDIUM,2025-11-23T15:54:08,FICO_DECISION_ENGINE
DEC000456,APP000456,615,0.285,0.673,1,0,APPROVED,LOW_RISK_PROFILE,3000,HIGH,2025-06-23T11:27:38,FICO_DECISION_ENGINE
DEC000457,APP000457,638,0.378,0.512,0,1,MANUAL_REVIEW,POLICY_REVIEW_REQUIRED,0,HIGH,2026-06-12T13:01:17,FICO_DECISION_ENGINE
DEC000458,APP000458,654,0.505,0.298,0,0,APPROVED,LOW_RISK_PROFILE,2000,MEDIUM,2026-02-13T03:49:08,FICO_DECISION_ENGINE
DEC000459,APP000459,659,0.161,0.358,1,0,APPROVED,LOW_RISK_PROFILE,2000,MEDIUM,2026-06-07T05:10:46,FICO_DECISION_ENGINE
DEC000460,APP000460,690,0.36,0.202,3,0,DECLINED,RECENT_DELINQUENCY,0,MEDIUM,2025-12-13T14:00:22,FICO_DECISION_ENGINE
DEC000461,APP000461,722,0.178,0.512,2,0,APPROVED,LOW_RISK_PROFILE,3000,MEDIUM,2026-04-08T12:14:36,FICO_DECISION_ENGINE
DEC000462,APP000462,629,0.297,0.917,0,0,APPROVED,LOW_RISK_PROFILE,3000,HIGH,2026-03-01T16:52:49,FICO_DECISION_ENGINE
DEC000463,APP000463,619,0.451,0.484,0,1,DECLINED,RECENT_DELINQUENCY,0,HIGH,2026-03-05T10:47:27,FICO_DECISION_ENGINE
DEC000464,APP000464,573,0.317,0.413,2,0,DECLINED,HIGH_DTI,0,HIGH,2025-11-12T09:38:43,FICO_DECISION_ENGINE
DEC000465,APP000465,537,0.238,0.445,0,0,DECLINED,HIGH_DTI,0,HIGH,2026-03-24T02:54:05,FICO_DECISION_ENGINE
DEC000466,APP000466,640,0.367,0.046,2,0,APPROVED,LOW_RISK_PROFILE,2000,HIGH,2026-04-13T23:54:11,FICO_DECISION_ENGINE
DEC000467,APP000467,735,0.366,0.471,3,1,APPROVED,LOW_RISK_PROFILE,10000,MEDIUM,2026-05-14T12:52:40,FICO_DECISION_ENGINE
DEC000468,APP000468,707,0.272,0.226,3,0,MANUAL_REVIEW,POLICY_REVIEW_REQUIRED,0,MEDIUM,2025-06-13T11:53:24,FICO_DECISION_ENGINE
DEC000469,APP000469,702,0.324,0.062,0,0,APPROVED,LOW_RISK_PROFILE,5000,MEDIUM,2025-12-06T01:38:12,FICO_DECISION_ENGINE
DEC000470,APP000470,682,0.386,0.354,2,1,APPROVED,LOW_RISK_PROFILE,15000,MEDIUM,2025-08-16T13:53:51,FICO_DECISION_ENGINE
DEC000471,APP000471,647,0.207,0.018,1,1,APPROVED,LOW_RISK_PROFILE,10000,HIGH,2026-02-26T01:52:51,FICO_DECISION_ENGINE
DEC000472,APP000472,624,0.248,0.261,3,1,DECLINED,EXCESSIVE_INQUIRIES,0,HIGH,2026-01-14T14:55:59,FICO_DECISION_ENGINE
DEC000473,APP000473,645,0.169,0.355,0,0,APPROVED,LOW_RISK_PROFILE,3000,HIGH,2025-08-04T19:34:45,FICO_DECISION_ENGINE
DEC000474,APP000474,717,0.147,0.191,3,0,APPROVED,LOW_RISK_PROFILE,3000,MEDIUM,2026-01-19T00:34:49,FICO_DECISION_ENGINE
DEC000475,APP000475,759,0.484,0.216,2,1,APPROVED,LOW_RISK_PROFILE,3000,LOW,2026-02-27T14:09:09,FICO_DECISION_ENGINE
DEC000476,APP000476,793,0.395,0.425,0,0,APPROVED,LOW_RISK_PROFILE,3000,LOW,2025-12-27T22:59:10,FICO_DECISION_ENGINE
DEC000477,APP000477,736,0.526,0.436,1,2,APPROVED,LOW_RISK_PROFILE,5000,MEDIUM,2026-01-19T13:49:53,FICO_DECISION_ENGINE
DEC000478,APP000478,765,0.376,0.27,2,2,DECLINED,RECENT_DELINQUENCY,0,LOW,2025-12-14T11:37:10,FICO_DECISION_ENGINE
DEC000479,APP000479,682,0.404,0.534,1,1,MANUAL_REVIEW,POLICY_REVIEW_REQUIRED,0,MEDIUM,2026-04-12T11:26:58,FICO_DECISION_ENGINE
DEC000480,APP000480,654,0.407,0.363,5,0,MANUAL_REVIEW,POLICY_REVIEW_REQUIRED,0,MEDIUM,2025-09-27T10:09:49,FICO_DECISION_ENGINE
DEC000481,APP000481,653,0.417,0.312,3,0,APPROVED,LOW_RISK_PROFILE,7500,MEDIUM,2025-09-08T00:14:49,FICO_DECISION_ENGINE
DEC000482,APP000482,701,0.337,0.463,0,0,APPROVED,LOW_RISK_PROFILE,5000,MEDIUM,2025-10-21T04:15:45,FICO_DECISION_ENGINE
DEC000483,APP000483,795,0.245,0.193,0,2,APPROVED,LOW_RISK_PROFILE,3000,LOW,2025-11-09T01:25:08,FICO_DECISION_ENGINE
DEC000484,APP000484,577,0.478,0.248,4,0,DECLINED,HIGH_DTI,0,HIGH,2025-09-21T07:07:28,FICO_DECISION_ENGINE
DEC000485,APP000485,700,0.419,0.217,0,0,DECLINED,HIGH_DTI,0,MEDIUM,2025-07-05T17:52:34,FICO_DECISION_ENGINE
DEC000486,APP000486,748,0.157,0.266,2,0,APPROVED,LOW_RISK_PROFILE,7500,LOW,2025-09-27T10:38:23,FICO_DECISION_ENGINE
DEC000487,APP000487,781,0.288,0.697,1,1,DECLINED,EXCESSIVE_INQUIRIES,0,LOW,2026-01-04T04:14:28,FICO_DECISION_ENGINE
DEC000488,APP000488,786,0.395,0.549,5,0,APPROVED,LOW_RISK_PROFILE,5000,LOW,2025-06-15T10:36:13,FICO_DECISION_ENGINE
DEC000489,APP000489,707,0.521,0.483,4,0,APPROVED,LOW_RISK_PROFILE,7500,MEDIUM,2025-06-28T09:46:23,FICO_DECISION_ENGINE
DEC000490,APP000490,820,0.279,0.338,3,0,APPROVED,LOW_RISK_PROFILE,15000,LOW,2025-12-12T03:17:56,FICO_DECISION_ENGINE
DEC000491,APP000491,739,0.278,0.46,2,1,APPROVED,LOW_RISK_PROFILE,15000,MEDIUM,2025-09-26T10:34:09,FICO_DECISION_ENGINE
DEC000492,APP000492,683,0.354,0.512,0,0,DECLINED,EXCESSIVE_INQUIRIES,0,MEDIUM,2025-11-02T00:53:14,FICO_DECISION_ENGINE
DEC000493,APP000493,758,0.411,0.737,1,0,APPROVED,LOW_RISK_PROFILE,20000,LOW,2026-06-15T09:50:02,FICO_DECISION_ENGINE
DEC000494,APP000494,703,0.335,0.433,0,0,MANUAL_REVIEW,POLICY_REVIEW_REQUIRED,0,MEDIUM,2025-11-07T11:48:12,FICO_DECISION_ENGINE
DEC000495,APP000495,771,0.306,0.263,0,0,APPROVED,LOW_RISK_PROFILE,2000,LOW,2025-10-28T15:39:10,FICO_DECISION_ENGINE
DEC000496,APP000496,679,0.2,0.519,2,1,APPROVED,LOW_RISK_PROFILE,3000,MEDIUM,2025-06-13T14:28:12,FICO_DECISION_ENGINE
DEC000497,APP000497,731,0.205,0.627,3,0,APPROVED,LOW_RISK_PROFILE,5000,MEDIUM,2025-07-13T05:09:28,FICO_DECISION_ENGINE
DEC000498,APP000498,717,0.385,0.678,0,0,APPROVED,LOW_RISK_PROFILE,15000,MEDIUM,2025-10-16T07:38:05,FICO_DECISION_ENGINE
DEC000499,APP000499,691,0.263,0.01,2,0,APPROVED,LOW_RISK_PROFILE,5000,MEDIUM,2026-05-25T02:50:22,FICO_DECISION_ENGINE
DEC000500,APP000500,756,0.3,0.844,4,0,APPROVED,LOW_RISK_PROFILE,7500,LOW,2026-03-08T15:14:09,FICO_DECISION_ENGINE
DEC000501,APP000501,749,0.303,0.454,0,0,APPROVED,LOW_RISK_PROFILE,15000,LOW,2026-02-23T07:27:01,FICO_DECISION_ENGINE
DEC000502,APP000502,746,0.354,0.283,2,0,APPROVED,LOW_RISK_PROFILE,3000,LOW,2025-08-31T05:29:09,FICO_DECISION_ENGINE
DEC000503,APP000503,587,0.124,0.589,1,2,DECLINED,EXCESSIVE_INQUIRIES,0,HIGH,2026-04-22T20:22:02,FICO_DECISION_ENGINE
DEC000504,APP000504,626,0.406,0.249,2,0,APPROVED,LOW_RISK_PROFILE,15000,HIGH,2026-03-05T23:21:52,FICO_DECISION_ENGINE
DEC000505,APP000505,756,0.2,0.535,1,0,APPROVED,LOW_RISK_PROFILE,5000,LOW,2026-03-31T22:01:28,FICO_DECISION_ENGINE
DEC000506,APP000506,498,0.209,0.73,3,0,DECLINED,EXCESSIVE_INQUIRIES,0,HIGH,2025-06-27T05:00:03,FICO_DECISION_ENGINE
DEC000507,APP000507,679,0.388,0.553,1,0,APPROVED,LOW_RISK_PROFILE,5000,MEDIUM,2026-01-29T12:56:25,FICO_DECISION_ENGINE
DEC000508,APP000508,769,0.454,0.139,5,1,APPROVED,LOW_RISK_PROFILE,15000,LOW,2026-03-13T15:51:38,FICO_DECISION_ENGINE
DEC000509,APP000509,662,0.406,0.787,0,0,APPROVED,LOW_RISK_PROFILE,3000,MEDIUM,2025-08-31T00:24:36,FICO_DECISION_ENGINE
DEC000510,APP000510,613,0.499,0.47,3,1,APPROVED,LOW_RISK_PROFILE,5000,HIGH,2026-05-23T09:14:07,FICO_DECISION_ENGINE
DEC000511,APP000511,678,0.262,0.461,2,0,APPROVED,LOW_RISK_PROFILE,7500,MEDIUM,2025-06-15T22:19:04,FICO_DECISION_ENGINE
DEC000512,APP000512,661,0.244,0.158,4,2,APPROVED,LOW_RISK_PROFILE,15000,MEDIUM,2026-05-02T22:22:05,FICO_DECISION_ENGINE
DEC000513,APP000513,724,0.203,0.259,2,0,APPROVED,LOW_RISK_PROFILE,2000,MEDIUM,2026-05-08T02:15:11,FICO_DECISION_ENGINE
DEC000514,APP000514,708,0.098,0.648,2,2,APPROVED,LOW_RISK_PROFILE,2000,MEDIUM,2026-03-15T12:46:28,FICO_DECISION_ENGINE
DEC000515,APP000515,560,0.406,0.209,3,0,DECLINED,HIGH_DTI,0,HIGH,2025-06-06T07:55:51,FICO_DECISION_ENGINE
DEC000516,APP000516,549,0.412,0.538,3,0,MANUAL_REVIEW,POLICY_REVIEW_REQUIRED,0,HIGH,2025-12-12T10:27:45,FICO_DECISION_ENGINE
DEC000517,APP000517,604,0.351,0.142,0,1,DECLINED,EXCESSIVE_INQUIRIES,0,HIGH,2026-05-24T16:00:39,FICO_DECISION_ENGINE
DEC000518,APP000518,718,0.204,0.279,4,0,DECLINED,RECENT_DELINQUENCY,0,MEDIUM,2026-03-19T07:40:23,FICO_DECISION_ENGINE
DEC000519,APP000519,680,0.633,0.188,0,0,DECLINED,EXCESSIVE_INQUIRIES,0,MEDIUM,2025-09-16T09:25:29,FICO_DECISION_ENGINE
DEC000520,APP000520,701,0.16,0.42,0,1,APPROVED,LOW_RISK_PROFILE,5000,MEDIUM,2025-06-18T11:44:26,FICO_DECISION_ENGINE
DEC000521,APP000521,608,0.386,0.487,0,0,APPROVED,LOW_RISK_PROFILE,7500,HIGH,2026-06-21T00:48:32,FICO_DECISION_ENGINE
DEC000522,APP000522,647,0.389,0.438,0,0,APPROVED,LOW_RISK_PROFILE,7500,HIGH,2026-02-15T03:56:53,FICO_DECISION_ENGINE
DEC000523,APP000523,699,0.271,0.126,1,1,APPROVED,LOW_RISK_PROFILE,2000,MEDIUM,2025-11-18T01:58:10,FICO_DECISION_ENGINE
DEC000524,APP000524,713,0.129,0.414,1,1,APPROVED,LOW_RISK_PROFILE,3000,MEDIUM,2026-06-06T08:56:05,FICO_DECISION_ENGINE
DEC000525,APP000525,646,0.414,0.334,3,0,DECLINED,EXCESSIVE_INQUIRIES,0,HIGH,2026-01-24T08:51:25,FICO_DECISION_ENGINE
DEC000526,APP000526,736,0.37,0.327,2,0,APPROVED,LOW_RISK_PROFILE,15000,MEDIUM,2025-11-25T17:47:27,FICO_DECISION_ENGINE
DEC000527,APP000527,742,0.37,0.459,3,0,APPROVED,LOW_RISK_PROFILE,3000,LOW,2025-09-26T05:02:40,FICO_DECISION_ENGINE
DEC000528,APP000528,723,0.287,0.325,2,0,APPROVED,LOW_RISK_PROFILE,7500,MEDIUM,2025-12-21T18:50:30,FICO_DECISION_ENGINE
DEC000529,APP000529,598,0.469,0.229,1,1,DECLINED,RECENT_DELINQUENCY,0,HIGH,2025-06-06T17:43:00,FICO_DECISION_ENGINE
DEC000530,APP000530,623,0.421,0.371,0,0,DECLINED,LOW_FICO_SCORE,0,HIGH,2025-11-19T19:29:30,FICO_DECISION_ENGINE
DEC000531,APP000531,600,0.323,0.354,3,0,MANUAL_REVIEW,POLICY_REVIEW_REQUIRED,0,HIGH,2026-05-29T21:29:59,FICO_DECISION_ENGINE
DEC000532,APP000532,694,0.283,0.183,3,0,APPROVED,LOW_RISK_PROFILE,3000,MEDIUM,2026-04-03T13:27:38,FICO_DECISION_ENGINE
DEC000533,APP000533,657,0.389,0.553,1,0,MANUAL_REVIEW,POLICY_REVIEW_REQUIRED,0,MEDIUM,2025-11-30T01:20:57,FICO_DECISION_ENGINE
DEC000534,APP000534,749,0.412,0.455,0,1,APPROVED,LOW_RISK_PROFILE,3000,LOW,2026-04-13T08:54:36,FICO_DECISION_ENGINE
DEC000535,APP000535,847,0.385,0.692,2,1,APPROVED,LOW_RISK_PROFILE,7500,LOW,2026-04-23T11:00:06,FICO_DECISION_ENGINE
DEC000536,APP000536,606,0.406,0.712,6,0,APPROVED,LOW_RISK_PROFILE,3000,HIGH,2025-06-26T13:38:57,FICO_DECISION_ENGINE
DEC000537,APP000537,756,0.356,0.01,3,1,APPROVED,LOW_RISK_PROFILE,3000,LOW,2025-10-18T00:11:31,FICO_DECISION_ENGINE
DEC000538,APP000538,586,0.183,0.585,0,0,MANUAL_REVIEW,POLICY_REVIEW_REQUIRED,0,HIGH,2026-06-08T22:11:48,FICO_DECISION_ENGINE
DEC000539,APP000539,763,0.548,0.506,0,0,APPROVED,LOW_RISK_PROFILE,3000,LOW,2025-11-11T12:37:52,FICO_DECISION_ENGINE
DEC000540,APP000540,746,0.311,0.366,3,0,APPROVED,LOW_RISK_PROFILE,5000,LOW,2026-06-18T19:18:14,FICO_DECISION_ENGINE
DEC000541,APP000541,752,0.332,0.507,0,0,APPROVED,LOW_RISK_PROFILE,15000,LOW,2025-10-24T20:15:48,FICO_DECISION_ENGINE
DEC000542,APP000542,679,0.286,0.315,3,1,DECLINED,LOW_FICO_SCORE,0,MEDIUM,2026-06-12T14:37:41,FICO_DECISION_ENGINE
DEC000543,APP000543,656,0.487,0.187,0,1,DECLINED,HIGH_DTI,0,MEDIUM,2026-05-18T23:03:27,FICO_DECISION_ENGINE
DEC000544,APP000544,692,0.355,0.327,0,0,DECLINED,EXCESSIVE_INQUIRIES,0,MEDIUM,2025-10-26T00:08:10,FICO_DECISION_ENGINE
DEC000545,APP000545,748,0.478,0.356,4,0,APPROVED,LOW_RISK_PROFILE,10000,LOW,2026-04-22T01:03:48,FICO_DECISION_ENGINE
DEC000546,APP000546,534,0.221,0.824,3,1,DECLINED,HIGH_DTI,0,HIGH,2026-06-16T21:54:02,FICO_DECISION_ENGINE
DEC000547,APP000547,653,0.606,0.418,2,1,MANUAL_REVIEW,POLICY_REVIEW_REQUIRED,0,MEDIUM,2026-05-31T07:17:26,FICO_DECISION_ENGINE
DEC000548,APP000548,778,0.478,0.329,0,1,DECLINED,LOW_FICO_SCORE,0,LOW,2026-04-25T04:02:54,FICO_DECISION_ENGINE
DEC000549,APP000549,819,0.333,0.39,3,0,APPROVED,LOW_RISK_PROFILE,15000,LOW,2026-05-13T14:49:03,FICO_DECISION_ENGINE
DEC000550,APP000550,792,0.439,0.46,0,1,MANUAL_REVIEW,POLICY_REVIEW_REQUIRED,0,LOW,2025-07-01T10:41:23,FICO_DECISION_ENGINE
DEC000551,APP000551,752,0.161,0.377,0,0,APPROVED,LOW_RISK_PROFILE,2000,LOW,2026-01-06T04:31:32,FICO_DECISION_ENGINE
DEC000552,APP000552,628,0.343,0.666,0,0,APPROVED,LOW_RISK_PROFILE,7500,HIGH,2025-07-08T16:42:32,FICO_DECISION_ENGINE
DEC000553,APP000553,701,0.463,0.52,1,1,DECLINED,EXCESSIVE_INQUIRIES,0,MEDIUM,2025-08-15T19:01:17,FICO_DECISION_ENGINE
DEC000554,APP000554,677,0.306,0.374,3,0,APPROVED,LOW_RISK_PROFILE,3000,MEDIUM,2025-08-19T04:41:08,FICO_DECISION_ENGINE
DEC000555,APP000555,624,0.26,0.669,0,0,MANUAL_REVIEW,POLICY_REVIEW_REQUIRED,0,HIGH,2025-08-27T12:32:19,FICO_DECISION_ENGINE
DEC000556,APP000556,647,0.279,0.569,3,0,DECLINED,HIGH_DTI,0,HIGH,2025-12-12T00:31:51,FICO_DECISION_ENGINE
DEC000557,APP000557,757,0.128,0.428,2,0,APPROVED,LOW_RISK_PROFILE,3000,LOW,2026-01-22T20:45:14,FICO_DECISION_ENGINE
DEC000558,APP000558,733,0.383,0.349,2,0,APPROVED,LOW_RISK_PROFILE,20000,MEDIUM,2026-03-01T19:35:05,FICO_DECISION_ENGINE
DEC000559,APP000559,684,0.444,0.788,2,0,APPROVED,LOW_RISK_PROFILE,2000,MEDIUM,2026-01-20T06:27:44,FICO_DECISION_ENGINE
DEC000560,APP000560,619,0.473,0.491,3,0,APPROVED,LOW_RISK_PROFILE,5000,HIGH,2026-03-02T01:52:03,FICO_DECISION_ENGINE
DEC000561,APP000561,730,0.561,0.745,0,0,DECLINED,HIGH_DTI,0,MEDIUM,2025-07-28T16:07:40,FICO_DECISION_ENGINE
DEC000562,APP000562,690,0.26,0.57,5,0,APPROVED,LOW_RISK_PROFILE,5000,MEDIUM,2026-02-03T18:44:38,FICO_DECISION_ENGINE
DEC000563,APP000563,702,0.381,0.603,0,0,DECLINED,HIGH_DTI,0,MEDIUM,2025-11-11T18:33:32,FICO_DECISION_ENGINE
DEC000564,APP000564,658,0.226,0.392,2,0,APPROVED,LOW_RISK_PROFILE,3000,MEDIUM,2025-07-26T08:26:49,FICO_DECISION_ENGINE
DEC000565,APP000565,660,0.292,0.209,7,0,DECLINED,HIGH_DTI,0,MEDIUM,2025-12-20T06:15:49,FICO_DECISION_ENGINE
DEC000566,APP000566,595,0.279,0.192,3,0,DECLINED,EXCESSIVE_INQUIRIES,0,HIGH,2025-11-03T13:30:01,FICO_DECISION_ENGINE
DEC000567,APP000567,668,0.283,0.466,0,0,DECLINED,RECENT_DELINQUENCY,0,MEDIUM,2025-12-24T02:01:37,FICO_DECISION_ENGINE
DEC000568,APP000568,650,0.264,0.542,4,0,APPROVED,LOW_RISK_PROFILE,3000,MEDIUM,2025-11-12T15:34:07,FICO_DECISION_ENGINE
DEC000569,APP000569,563,0.55,0.675,1,0,DECLINED,RECENT_DELINQUENCY,0,HIGH,2026-01-27T01:41:05,FICO_DECISION_ENGINE
DEC000570,APP000570,682,0.076,0.657,2,2,DECLINED,HIGH_DTI,0,MEDIUM,2025-12-07T15:58:21,FICO_DECISION_ENGINE
DEC000571,APP000571,636,0.384,0.064,0,0,DECLINED,LOW_FICO_SCORE,0,HIGH,2026-03-21T07:18:23,FICO_DECISION_ENGINE
DEC000572,APP000572,648,0.457,0.325,1,0,APPROVED,LOW_RISK_PROFILE,7500,HIGH,2026-06-14T11:26:38,FICO_DECISION_ENGINE
DEC000573,APP000573,647,0.233,0.445,3,0,MANUAL_REVIEW,POLICY_REVIEW_REQUIRED,0,HIGH,2026-06-18T00:50:35,FICO_DECISION_ENGINE
DEC000574,APP000574,670,0.378,0.281,0,0,DECLINED,LOW_FICO_SCORE,0,MEDIUM,2026-01-10T01:11:17,FICO_DECISION_ENGINE
DEC000575,APP000575,705,0.294,0.744,4,0,DECLINED,RECENT_DELINQUENCY,0,MEDIUM,2025-07-28T19:22:39,FICO_DECISION_ENGINE
DEC000576,APP000576,685,0.508,0.617,3,0,DECLINED,LOW_FICO_SCORE,0,MEDIUM,2026-06-14T05:33:21,FICO_DECISION_ENGINE
DEC000577,APP000577,736,0.351,0.461,0,0,APPROVED,LOW_RISK_PROFILE,10000,MEDIUM,2025-10-29T00:15:16,FICO_DECISION_ENGINE
DEC000578,APP000578,785,0.362,0.455,3,1,DECLINED,RECENT_DELINQUENCY,0,LOW,2026-03-23T05:33:31,FICO_DECISION_ENGINE
DEC000579,APP000579,701,0.414,0.711,3,0,APPROVED,LOW_RISK_PROFILE,10000,MEDIUM,2025-11-09T08:22:56,FICO_DECISION_ENGINE
DEC000580,APP000580,636,0.375,0.329,3,0,APPROVED,LOW_RISK_PROFILE,3000,HIGH,2026-01-15T15:59:08,FICO_DECISION_ENGINE
DEC000581,APP000581,651,0.385,0.174,4,1,MANUAL_REVIEW,POLICY_REVIEW_REQUIRED,0,MEDIUM,2026-04-06T13:02:55,FICO_DECISION_ENGINE
DEC000582,APP000582,700,0.148,0.227,5,0,DECLINED,HIGH_DTI,0,MEDIUM,2026-01-02T14:35:59,FICO_DECISION_ENGINE
DEC000583,APP000583,698,0.324,0.459,5,0,DECLINED,LOW_FICO_SCORE,0,MEDIUM,2026-04-30T23:26:12,FICO_DECISION_ENGINE
DEC000584,APP000584,678,0.344,0.03,1,1,DECLINED,EXCESSIVE_INQUIRIES,0,MEDIUM,2025-08-19T05:06:39,FICO_DECISION_ENGINE
DEC000585,APP000585,684,0.103,0.502,3,2,APPROVED,LOW_RISK_PROFILE,10000,MEDIUM,2025-08-28T06:22:22,FICO_DECISION_ENGINE
DEC000586,APP000586,714,0.366,0.091,1,1,APPROVED,LOW_RISK_PROFILE,5000,MEDIUM,2025-06-15T00:57:42,FICO_DECISION_ENGINE
DEC000587,APP000587,746,0.436,0.305,5,0,APPROVED,LOW_RISK_PROFILE,7500,LOW,2025-09-23T03:21:15,FICO_DECISION_ENGINE
DEC000588,APP000588,682,0.311,0.427,1,0,APPROVED,LOW_RISK_PROFILE,5000,MEDIUM,2026-05-03T19:40:06,FICO_DECISION_ENGINE
DEC000589,APP000589,671,0.516,0.389,2,1,DECLINED,RECENT_DELINQUENCY,0,MEDIUM,2025-07-13T03:27:21,FICO_DECISION_ENGINE
DEC000590,APP000590,635,0.073,0.503,0,2,APPROVED,LOW_RISK_PROFILE,5000,HIGH,2026-01-03T13:39:07,FICO_DECISION_ENGINE
DEC000591,APP000591,764,0.351,0.773,2,0,APPROVED,LOW_RISK_PROFILE,7500,LOW,2025-09-30T05:54:37,FICO_DECISION_ENGINE
DEC000592,APP000592,563,0.423,0.751,2,0,DECLINED,LOW_FICO_SCORE,0,HIGH,2026-05-02T18:45:21,FICO_DECISION_ENGINE
DEC000593,APP000593,703,0.206,0.86,4,0,DECLINED,RECENT_DELINQUENCY,0,MEDIUM,2025-11-23T18:54:12,FICO_DECISION_ENGINE
DEC000594,APP000594,788,0.05,0.298,0,2,APPROVED,LOW_RISK_PROFILE,5000,LOW,2025-11-25T11:11:08,FICO_DECISION_ENGINE
DEC000595,APP000595,705,0.176,0.166,1,0,DECLINED,HIGH_DTI,0,MEDIUM,2026-06-17T12:53:59,FICO_DECISION_ENGINE
DEC000596,APP000596,673,0.399,0.276,1,1,APPROVED,LOW_RISK_PROFILE,5000,MEDIUM,2025-07-22T06:02:45,FICO_DECISION_ENGINE
DEC000597,APP000597,644,0.527,0.333,1,0,APPROVED,LOW_RISK_PROFILE,7500,HIGH,2026-02-23T15:21:34,FICO_DECISION_ENGINE
DEC000598,APP000598,596,0.281,0.54,2,0,DECLINED,LOW_FICO_SCORE,0,HIGH,2026-02-02T05:50:33,FICO_DECISION_ENGINE
DEC000599,APP000599,677,0.169,0.51,1,0,APPROVED,LOW_RISK_PROFILE,7500,MEDIUM,2025-10-20T05:07:03,FICO_DECISION_ENGINE
DEC000600,APP000600,730,0.168,0.749,1,1,DECLINED,RECENT_DELINQUENCY,0,MEDIUM,2026-01-11T10:53:22,FICO_DECISION_ENGINE
DEC000601,APP000601,745,0.435,0.282,0,0,APPROVED,LOW_RISK_PROFILE,3000,LOW,2025-06-21T13:54:31,FICO_DECISION_ENGINE
DEC000602,APP000602,582,0.472,0.105,1,0,DECLINED,RECENT_DELINQUENCY,0,HIGH,2026-05-07T18:00:52,FICO_DECISION_ENGINE
DEC000603,APP000603,785,0.05,0.461,2,0,APPROVED,LOW_RISK_PROFILE,7500,LOW,2026-02-16T11:59:16,FICO_DECISION_ENGINE
DEC000604,APP000604,644,0.472,0.435,0,0,DECLINED,LOW_FICO_SCORE,0,HIGH,2026-03-17T13:42:13,FICO_DECISION_ENGINE
DEC000605,APP000605,624,0.091,0.403,0,0,DECLINED,LOW_FICO_SCORE,0,HIGH,2025-07-31T08:42:07,FICO_DECISION_ENGINE
DEC000606,APP000606,629,0.357,0.279,3,0,APPROVED,LOW_RISK_PROFILE,15000,HIGH,2026-04-18T15:43:20,FICO_DECISION_ENGINE
DEC000607,APP000607,671,0.564,0.183,0,1,APPROVED,LOW_RISK_PROFILE,5000,MEDIUM,2026-05-16T12:32:46,FICO_DECISION_ENGINE
DEC000608,APP000608,606,0.25,0.03,4,0,APPROVED,LOW_RISK_PROFILE,20000,HIGH,2025-08-28T18:12:07,FICO_DECISION_ENGINE
DEC000609,APP000609,727,0.584,0.235,0,0,APPROVED,LOW_RISK_PROFILE,3000,MEDIUM,2026-04-24T06:47:26,FICO_DECISION_ENGINE
DEC000610,APP000610,713,0.213,0.285,1,0,APPROVED,LOW_RISK_PROFILE,5000,MEDIUM,2026-04-25T20:25:48,FICO_DECISION_ENGINE
DEC000611,APP000611,749,0.164,0.01,4,0,APPROVED,LOW_RISK_PROFILE,3000,LOW,2025-12-21T04:51:33,FICO_DECISION_ENGINE
DEC000612,APP000612,577,0.119,0.543,3,0,MANUAL_REVIEW,POLICY_REVIEW_REQUIRED,0,HIGH,2025-09-23T07:59:23,FICO_DECISION_ENGINE
DEC000613,APP000613,732,0.339,0.199,3,1,MANUAL_REVIEW,POLICY_REVIEW_REQUIRED,0,MEDIUM,2026-01-11T15:06:06,FICO_DECISION_ENGINE
DEC000614,APP000614,740,0.145,0.658,5,0,APPROVED,LOW_RISK_PROFILE,7500,LOW,2025-12-04T09:36:02,FICO_DECISION_ENGINE
DEC000615,APP000615,786,0.489,0.248,2,1,DECLINED,EXCESSIVE_INQUIRIES,0,LOW,2026-02-15T17:19:50,FICO_DECISION_ENGINE
DEC000616,APP000616,519,0.201,0.374,2,1,DECLINED,LOW_FICO_SCORE,0,HIGH,2025-06-28T16:46:09,FICO_DECISION_ENGINE
DEC000617,APP000617,591,0.596,0.448,1,1,DECLINED,HIGH_DTI,0,HIGH,2026-05-28T05:23:53,FICO_DECISION_ENGINE
DEC000618,APP000618,680,0.304,0.766,0,0,APPROVED,LOW_RISK_PROFILE,5000,MEDIUM,2026-05-05T16:27:58,FICO_DECISION_ENGINE
DEC000619,APP000619,693,0.291,0.48,3,0,MANUAL_REVIEW,POLICY_REVIEW_REQUIRED,0,MEDIUM,2026-05-31T13:03:13,FICO_DECISION_ENGINE
DEC000620,APP000620,726,0.312,0.587,2,0,APPROVED,LOW_RISK_PROFILE,15000,MEDIUM,2026-04-29T18:02:06,FICO_DECISION_ENGINE
DEC000621,APP000621,645,0.382,0.467,3,0,DECLINED,RECENT_DELINQUENCY,0,HIGH,2025-11-07T12:56:49,FICO_DECISION_ENGINE
DEC000622,APP000622,747,0.373,0.304,1,0,APPROVED,LOW_RISK_PROFILE,3000,LOW,2025-07-19T19:05:32,FICO_DECISION_ENGINE
DEC000623,APP000623,730,0.317,0.446,1,0,APPROVED,LOW_RISK_PROFILE,5000,MEDIUM,2026-03-18T20:31:58,FICO_DECISION_ENGINE
DEC000624,APP000624,748,0.376,0.292,2,0,MANUAL_REVIEW,POLICY_REVIEW_REQUIRED,0,LOW,2025-08-30T18:28:54,FICO_DECISION_ENGINE
DEC000625,APP000625,704,0.392,0.273,2,0,APPROVED,LOW_RISK_PROFILE,10000,MEDIUM,2025-11-26T06:35:18,FICO_DECISION_ENGINE
DEC000626,APP000626,651,0.39,0.756,3,0,MANUAL_REVIEW,POLICY_REVIEW_REQUIRED,0,MEDIUM,2025-12-05T05:10:07,FICO_DECISION_ENGINE
DEC000627,APP000627,655,0.484,0.212,0,0,APPROVED,LOW_RISK_PROFILE,10000,MEDIUM,2026-02-22T03:18:59,FICO_DECISION_ENGINE
DEC000628,APP000628,740,0.226,0.43,2,0,APPROVED,LOW_RISK_PROFILE,7500,LOW,2025-12-11T03:01:26,FICO_DECISION_ENGINE
DEC000629,APP000629,755,0.245,0.349,0,0,APPROVED,LOW_RISK_PROFILE,10000,LOW,2025-07-16T11:11:40,FICO_DECISION_ENGINE
DEC000630,APP000630,685,0.324,0.626,1,0,APPROVED,LOW_RISK_PROFILE,3000,MEDIUM,2026-02-24T06:30:09,FICO_DECISION_ENGINE
DEC000631,APP000631,717,0.531,0.432,2,0,DECLINED,EXCESSIVE_INQUIRIES,0,MEDIUM,2026-04-10T00:34:33,FICO_DECISION_ENGINE
DEC000632,APP000632,808,0.193,0.861,0,0,APPROVED,LOW_RISK_PROFILE,3000,LOW,2025-12-23T01:39:07,FICO_DECISION_ENGINE
DEC000633,APP000633,600,0.514,0.409,3,1,DECLINED,EXCESSIVE_INQUIRIES,0,HIGH,2025-06-06T15:08:48,FICO_DECISION_ENGINE
DEC000634,APP000634,699,0.398,0.338,2,0,APPROVED,LOW_RISK_PROFILE,2000,MEDIUM,2026-05-20T08:07:38,FICO_DECISION_ENGINE
DEC000635,APP000635,682,0.559,0.435,0,1,DECLINED,HIGH_DTI,0,MEDIUM,2025-10-25T10:23:03,FICO_DECISION_ENGINE
DEC000636,APP000636,716,0.373,0.721,5,1,DECLINED,EXCESSIVE_INQUIRIES,0,MEDIUM,2026-01-27T17:27:18,FICO_DECISION_ENGINE
DEC000637,APP000637,701,0.15,0.447,0,0,APPROVED,LOW_RISK_PROFILE,7500,MEDIUM,2026-01-11T05:12:11,FICO_DECISION_ENGINE
DEC000638,APP000638,586,0.402,0.46,3,1,DECLINED,EXCESSIVE_INQUIRIES,0,HIGH,2026-04-26T02:03:20,FICO_DECISION_ENGINE
DEC000639,APP000639,647,0.276,0.37,3,1,APPROVED,LOW_RISK_PROFILE,3000,HIGH,2026-01-12T02:32:43,FICO_DECISION_ENGINE
DEC000640,APP000640,718,0.351,0.481,2,1,APPROVED,LOW_RISK_PROFILE,3000,MEDIUM,2025-08-13T03:48:05,FICO_DECISION_ENGINE
DEC000641,APP000641,671,0.516,0.297,0,0,APPROVED,LOW_RISK_PROFILE,10000,MEDIUM,2026-01-30T20:49:25,FICO_DECISION_ENGINE
DEC000642,APP000642,608,0.465,0.528,1,0,DECLINED,RECENT_DELINQUENCY,0,HIGH,2025-10-25T23:12:04,FICO_DECISION_ENGINE
DEC000643,APP000643,804,0.05,0.463,3,1,MANUAL_REVIEW,POLICY_REVIEW_REQUIRED,0,LOW,2026-01-22T14:57:26,FICO_DECISION_ENGINE
DEC000644,APP000644,754,0.28,0.276,3,0,APPROVED,LOW_RISK_PROFILE,5000,LOW,2025-12-16T16:53:47,FICO_DECISION_ENGINE
DEC000645,APP000645,698,0.41,0.292,4,1,DECLINED,EXCESSIVE_INQUIRIES,0,MEDIUM,2025-12-27T13:38:54,FICO_DECISION_ENGINE
DEC000646,APP000646,806,0.176,0.609,0,0,APPROVED,LOW_RISK_PROFILE,10000,LOW,2025-09-20T12:18:30,FICO_DECISION_ENGINE
DEC000647,APP000647,670,0.429,0.136,1,0,DECLINED,LOW_FICO_SCORE,0,MEDIUM,2026-03-22T07:13:34,FICO_DECISION_ENGINE
DEC000648,APP000648,697,0.57,0.486,0,0,MANUAL_REVIEW,POLICY_REVIEW_REQUIRED,0,MEDIUM,2025-07-04T03:07:45,FICO_DECISION_ENGINE
DEC000649,APP000649,597,0.556,0.102,0,0,DECLINED,HIGH_DTI,0,HIGH,2025-08-17T07:45:39,FICO_DECISION_ENGINE
DEC000650,APP000650,705,0.199,0.186,3,0,APPROVED,LOW_RISK_PROFILE,10000,MEDIUM,2025-12-30T04:18:59,FICO_DECISION_ENGINE
